,Sample name,20211116_SinoWT_C2_RPLC_21-02-05_lowMS1_1,20211116_SinoWT_C2_RPLC_21-02-05_lowMS1_1,20211116_SinoWT_C2_RPLC_21-02-05_lowMS1_1,20211116_SinoWT_C2_RPLC_21-02-05_lowMS1_1,20211116_SinoWT_C2_RPLC_21-02-05_lowMS1_1,20211116_SinoWT_C2_RPLC_21-02-05_lowMS1_1,20211116_SinoWT_C2_RPLC_21-02-05_lowMS1_1,20211116_SinoWT_C2_RPLC_21-02-05_lowMS1_1,20211116_SinoWT_C2_RPLC_21-02-05_lowMS1_1,20211116_SinoWT_C2_RPLC_21-02-05_lowMS1_1,20211116_SinoWT_C2_RPLC_21-02-05_lowMS1_1,20211116_SinoWT_C2_RPLC_21-02-05_lowMS1_1,20211116_SinoWT_C2_RPLC_21-02-05_lowMS1_1,20211116_SinoWT_C2_RPLC_21-02-05_lowMS1_1,20211116_SinoWT_C2_RPLC_21-02-05_lowMS1_1,20211116_SinoWT_C2_RPLC_21-02-05_lowMS1_1,20211116_SinoWT_C2_RPLC_21-02-05_lowMS1_1,20211116_SinoWT_C2_RPLC_21-02-05_lowMS1_2,20211116_SinoWT_C2_RPLC_21-02-05_lowMS1_2,20211116_SinoWT_C2_RPLC_21-02-05_lowMS1_2,20211116_SinoWT_C2_RPLC_21-02-05_lowMS1_2,20211116_SinoWT_C2_RPLC_21-02-05_lowMS1_2,20211116_SinoWT_C2_RPLC_21-02-05_lowMS1_2,20211116_SinoWT_C2_RPLC_21-02-05_lowMS1_2,20211116_SinoWT_C2_RPLC_21-02-05_lowMS1_2,20211116_SinoWT_C2_RPLC_21-02-05_lowMS1_2,20211116_SinoWT_C2_RPLC_21-02-05_lowMS1_2,20211116_SinoWT_C2_RPLC_21-02-05_lowMS1_2,20211116_SinoWT_C2_RPLC_21-02-05_lowMS1_2,20211116_SinoWT_C2_RPLC_21-02-05_lowMS1_2,20211116_SinoWT_C2_RPLC_21-02-05_lowMS1_2,20211116_SinoWT_C2_RPLC_21-02-05_lowMS1_2,20211116_SinoWT_C2_RPLC_21-02-05_lowMS1_2,20211116_SinoWT_C2_RPLC_21-02-05_lowMS1_2,20211116_SinoWT_C2_RPLC_21-02-05_lowMS1_3,20211116_SinoWT_C2_RPLC_21-02-05_lowMS1_3,20211116_SinoWT_C2_RPLC_21-02-05_lowMS1_3,20211116_SinoWT_C2_RPLC_21-02-05_lowMS1_3,20211116_SinoWT_C2_RPLC_21-02-05_lowMS1_3,20211116_SinoWT_C2_RPLC_21-02-05_lowMS1_3,20211116_SinoWT_C2_RPLC_21-02-05_lowMS1_3,20211116_SinoWT_C2_RPLC_21-02-05_lowMS1_3,20211116_SinoWT_C2_RPLC_21-02-05_lowMS1_3,20211116_SinoWT_C2_RPLC_21-02-05_lowMS1_3,20211116_SinoWT_C2_RPLC_21-02-05_lowMS1_3,20211116_SinoWT_C2_RPLC_21-02-05_lowMS1_3,20211116_SinoWT_C2_RPLC_21-02-05_lowMS1_3,20211116_SinoWT_C2_RPLC_21-02-05_lowMS1_3,20211116_SinoWT_C2_RPLC_21-02-05_lowMS1_3,20211116_SinoWT_C2_RPLC_21-02-05_lowMS1_3,20211116_SinoWT_C2_RPLC_21-02-05_lowMS1_3
,Peak #,1,2,3,4,5,6,7,8,9,10,11,12,13,14,15,16,17,18,19,20,21,22,23,24,25,26,27,28,29,30,31,32,33,34,35,36,37,38,39,40,41,42,43,44,45,46,47,48,49,50,51
Name,
36979,,,,,,,,,,,,,,,,,,,,,,116552,,,,,,,,,,,,,,,,,,,,,,,,,,,,,,
36977,,,,,,,,,,,,,,,,,,,,,,,244682,,,,,,,,,,,,,,,,,,,,,,,,,,,,,
36976,,,,,,,,,468860,,,,,,,,,,,,,,,,,,,,,,,,,,,,,,,,,,,,,,,,,,,
36964,,,,,,,,,,,,,,,,,,,,,,,,,,,,,,,,,,,,,,,,,,,,,583435,,,,,,,
36960,,,,,89069,,,,,,,,,,,,,,,,,,,,,,,,,,,,,,,,,,,,,,,,,,,,,,,
36952,,,,71157.3,,,,,,,,,,,,,,,,,,,,,,,,,,,,,,,,,,,,,,,,,,,,,,,,
36943,,,,,,,,,,,,,,,,,,,,,,,,,,,,,,,,,,,,,,,,,,,638179,,,,,,,,,
36930,,,,,,,,,,,,,,,,,,,,,,,,,,,,,,,,,,,,,,,,,,,,509596,,,,,,,,
36929,,,,,,,,,,,,,,,,,,,,20332.7,,,,,,,,,,,,,,,,,,,,,,,,,,,,,,,,
36913,,,,,,,,,,,,,,,,,,,,,,,,,,,,,,,,,,,,,,,,544560,,,,,,,,,,,,
36890,,,,,67020,,,,,,,,,,,,,,,,,,,,,,,,,,,,,,,,,,,,,,,,,,,,,,,
36885,,,,,,,,,,,,,,,,,,,,,,,,799281,,,,,,,,,,,,,,,,,,,,,,,,,,,,
36857,,,,,,,,,,,,,,,,,,,,,,,415834,758315,,,,,,,,,,,,,,,,,,,,,,,,,,,,
36840,,,,,,,,,,,,,,,,,,,,,,,428310,,,,,,,,,,,,,,,,,,,,,,,,,,,,,
36821,,,,,,,,,,,,,,,,,,,,,,,,,,523257,,,,,,,,,,,,,,,,,,,,,,,,,,
36819,,,,,,,,,,,,,,,,,,,,,,,,,,,,,,,,,,,,,,,304749,,,,,,,,,,,,,
36818,,,,,,,,,,,,,,,,,,,,,,,324035,,,,,,,,,,,,,,,,,,,,,,,,,,,,,
36814,,,,,,,,,,,,,,,,,,,,,,,,,,,,,,,,,,,,,,,,,549500,,,,,,,,,,,
36811,,,,,,,,,,,,,,,,,,,,,,,,,578669,,,,,,,,,,,,,,,,,,,,,,,,,,,
36807,,,,,,,,,,,,,,,,,,,,,,,,730812,,,,,,,,,,,,,,,,,,,,,,,,,,,,
36804,,,,,,,,,,,,,,,,,,,,,,147227,,,,,,,,,,,,,,,,,,,,,,,,,,,,,,
36795,,,,,,,,,,,,,,,,,,,,,,,,,,,,,,,,,,,,,,,,,591090,,,,,,,,,,,
36790,,,,,,,,,,,,,,,,,,,,,,,,737862,,,,,,,,,,,,,,,,,,,,,,,,,,,,
36786,,,,,,,,,,,,,,,,,,,,,,123402,,,,,,,,,,,,,,,,,,,,,,,,,,,,,,
36762,,,,,,,,,,,,,,,,,,,,,,,,,,,,,,,,,,,,5919.61,,,,,,,,,,,,,,,,
36716,,,,,,,,,,,,,,,,,,,,,,,,,,,,,,,,,,,,,,,,751188,,,,,,,,,,,,
36707,,,20306.9,,,,,,,,,,,,,,,,,,,,,,,,,,,,,,,,,,,,,,,,,,,,,,,,,
36705,,,,,,,,,,,,,,,,,,,,,,,,,,,,,,,,,,,,,,,,,,,718859,,,,,,,,,
36697,,,,,,,,,,,,,,,,,,,,,,,,,,,,,,,,,,,,,,,,535033,,,,,,,,,,,,
36691,,,,,,,,,,,,,785473,,,,,,,,,,,,,,,,,,,,,,,,,,,,,,,,,,,,,,,
36683,,,,,,,,,,,,,,,,,,,,,,,,,,,,,,,,,,,,,,,,,,,555721,,,,,,,,,
36620,,,,,,,,227335,,,,,,,,,,,,,,,,,,,,,,,,,,,,,,,,,,,,,,,,,,,,
36578,,,,,,,146542,,,,,,,,,,,,,,,,,,,,,,,,,,,,,,,,,,,,,,,,,,,,,
36562,,,,,,,201838,,,,,,,,,,,,,,,,,,,,,,,,,,,,,,,,,,,,,,,,,,,,,
36546,,,,,,,182179,,,,,,,,,,,,,,,,,,,,,,,,,,,,,,,,,,,,,,,,,,,,,
36427,,,,,,,,254642,,,,,,,,,,,,,,,,,,,733266,,,,,,,,,,,,,,,,,,,,,,,,,
35972,,,,,,,,,,,,,,,,,,,,20967.4,,,,,,,,,,,,,,,,,,,,,,,,,,,,,,,,
35713,,8868.26,,,,,,,,,,,,,,,,,,,,,,,,,,,,,,,,,,,,,,,,,,,,,,,,,,
35659,,,,,,,,,,,,,,,453360,,,,,,,,,,,,,,,,,,,,,,,,,,,,,,,,,,,,,
35617,,,20083.8,,,,,,,,,,,,,,,,,,,,,,,,,,,,,,,,,,,,,,,,,,,,,,,,,
35607,,,,,,,,,,,,,,,,,,,,,,,,,,,,,,,,,,,,,,,,,,,,,,,,,,416003,,
35575,,4527.39,,,,,,,,,,,,,,,,,,,,,,,,,,,,,,,,,,,,,,,,,,,,,,,515408,,,
35554,,,,,,,,,,,,,,,,,,,,,,,,,,,,,,,,,,,,,,,,,,,,,,,,,562972,,,
35503,,,,,,,,,,,,,,,,,,,,,,,,,,,,,,,,,,,,,,,,,,,,,,,735168,,,,,
35501,,,,,,,,,,,,,,,567700,,,,,,,,,,,,,,,,,,,,,,,,,,,,,,,,,,,,,
35485,,,,,,,,,,,,,,,,,,,,,,,,,,,,,,,,,,,,,,,,,,,,,,,767122,,,,,
35484,,5646.21,,,,,,,,,,,,,,,,,,,,,,,,,,,,,,,,,,,,,,,,,,,,,,,,,,
35436,,,,,,,,,,,,,,,,,,,,,,,,,,,,,,,,,,,,9088.35,,,,,,,,,,,,,,,,
35435,,,,,,,,,,,,,,,,,,,,,,,,,,,,,599966,,,,,,,,,,,,,,,,,,,,,,,
35427,,,,,,,,,,,,,,,,,,,,,,,,,,,,,,,,,,,,,,,,,,,,,,,,,,513462,,
35395,,,,,,,,,,,,,,,,,,,,,,,,,562608,,,,,,,,,,,,,,,,,,,,,,,,,,,
35392,,,,,,,,,,,,,,,,,,,5664.67,,,,,,,,,,,,,,,,,,,,,,,,,,,,,,,,,
35391,,,,,,,,,,,,,,,,,,,,,,,,,,,,,,,400133,,,,,,,,,,,,,,,,,,,,,
35358,,,,,,,,,,,,,,,,,,,,,,,,,,,,,,,,,,,,,,,,,,,623352,,,,,,,,,
35352,,,23664,,,,,,,,,,,,,,,,,,,,,,,,,,,,,,,,,,,,,,,,,,,,,,,,,
35347,,,,,,,221619,,,,,,,,,,,,,,,,,,,,,,,,,,,,,,,,,,,,,,,,,,,,,
35345,,,,,,,,,,,,,,,,,,,,,,,,,,,,,,,,,,,,,,,,579323,,,,,,,,,,,,
35327,,,28636.1,,,,,,,,,,,,,,,,,,,,,,,,,,,,,,,,,,,,,,,,,,,,,,,,,
35322,,,,,,,,,,,,,,,,,,,,18047.8,,,,,,,,,,,,,,,,,,,,,,,,,,,,,,,,
35317,,,,,,,,,,,,,,,,,,,,,,,,,,,,,,,,,,,,,,,,,,,,,,,622306,,,,,
35314,,,,,,,,,,,,,,,,,,,,,,,,,,,,,,,,,,,,,,,,584144,,,,,,,,,,,,
35302,,,,,,,,,,,,,,,,,,,,,,,,,,,,,555987,,,,,,,,,,,,,,,,,,,,,,,
35299,,,,,,,,,,,,,,,,,,,,,,,,,,,,,,,,,,,,,,,,,,,694749,,,,,,,,,
35297,,,,,,,,,,,,,,,,,,,,,,,,,,,,,,514421,,,,,,,,,,,,,,,,,,,,,,
35291,,,,,,,,,,,,,,,,,,,,,,,,,,,,,,,,,,,,,,,,,,,,,,,,,688434,,,
35287,,,,,,,,,,,,,,,,,,,,,,,,,,,,,,,,,,,,,,,320237,,,,,,,,,,,,,
35271,,,,,,,,,,,,,,,,,,,,,,,,,,,,,,,,,,,,,,,,,,,,,,,649203,,,,,
35266,,,,,,,,,,,,,,,,537761,,,,,,,,,,,,,,,,,,,,,,,,,,,,,,,,,,,,
35259,,,,,,,,,,,,,,,,,,,,,,,,,,,,,,,,,,,,,,,,,565495,,,,,,,,,,,
35252,,,,,,,,,,,,,,,,,,,,,,,,,,,,,,,,,,,,,,,,,,,691137,,,,,,,,,
35219,,,,,,,,,,,,,,,,,,,,,,,,,,,,,,,,,,,,,,,,,,,,,,481627,,,,,,
35205,,,,,,,,,,,,,,,,,,,,,,,,,,,,,,,,,,,,,,,,,,,,,557371,,,,,,,
35203,,,,,,,,,,,,,,,,,,,,,,,,,,,957774,,,,,,,,,,,,,,,,,,,,,,,,,
35202,,,,,,,,,,,,,,,,,,,,,,,,,,,,,,,,,,,,,,,,,,,,,,,,739734,,,,
35199,,,,,,,,,,,,,,,,,,,,,,,,,,,,815749,,,,,,,,,,,,,,,,,,,,,,,,
35191,,6498.36,,,,,,,,,,,,,,,,,,,,,,,,,,,,,,,,,,,,,,,,,,,,,,,,,,
35179,,,,,,,,,,,679795,,,,,,,,,,,,,,,,691716,,,,,,,,,,,,,,,,,,,,,,,,,
35177,,,,,,,,,,,,,,,,,,,,,,,,,747902,,,,,,,,,,,,,,,,,,,,,,,,,,,
35173,,,,,,,,245644,,,,,,,,,,,,,,,,,,,,,,,,,,,,,,,,,,,,,,,,,,,,
35162,,,,,,,,,,,,,,,,,,,,,,,,,,,,,734403,,,,,,,,,,,,,,,,,,,,,,,
35159,,,,,,,,,,,,,,693238,,,,,,,,,,,,,,,,,,,,,,,,,,,,,,,,,,,,,,
35156,,,,,,,,,,,,,,,,,,,,,,,,,,,,,,,,,,,,,,,,,,,,,,,,610498,,,,
35155,,,,,,,,,,,,,,,,,,,,,,,,,,,,,,,466227,,,,,,,,,,,,,,,,,,,,,
35153,,,,,,,,,,,,,,,,,,,,,,,,,,,,,,,,,,,,,,,,,,658416,,,,,,,,,,
35144,,,,,,,,,,,,,,,,,,,,,,,,,,,,,,,,,,,,,,,305904,,,,,,,,,,,,,
35133,,,,,,,,,,494535,,,,,,,,,,,,,,,,,,,,,,,,,,,,,,,,,,,,,,,,,,
35130,,,,,,,,,401444,,,,,,,,,,,,,,540219,,,,,,,,,,,,,,,,,813415,,,,,,,,,,,,
35121,,,,,,,,,,,,,,685640,,,,,,,,,,,,,,,,,,,,,,,,,,,,,,,,,,,,,,
35109,,,,,,,,,,,,,,,,,,,,,,,,,,,,,524301,,,,,,,,,,,922659,,,,,,,,,,,,
35098,,,,,,,,,,,,,,665281,,,,,,,,,,,,,,,,,,,,,,,,,306070,,,,,,,,,,,,,
35093,,,,,,,,,,,,,,,,,,,,,,,,,,,,,,,,,,,,6237.76,,,,,,,,,,,,,,,,
35091,,,,,,,,,,,,,,,,,,,,,,,,,,,,,,,,,,,,,,,,558984,,,,,,,,,,,,
35085,,,,,,,,,,,,,,,,,,,,,,,,,,,,,,,,,,,,,,,,,788459,,,,,,,,,,,
35064,,,,,,,,,,,,,,,,,,,,,,,,,,,,,,,,,,,,,,,,,953013,,,,,,,,,,,
35051,,,,,,,,,,,,,,,,,,,,,,,,,,,,,,580928,,,,,,,,,,,,,,,,,,,,,,
35046,,,,,,,,,,,,,,674733,,,,,,,,,,,,,,,,,,,,,,,,,,,,,,,,,,,,,,
35039,,,,,,,,291623,,,,,,,,,,,,,,,,,,,,,,,,,,,,,,,,,,,,,,,,,,,,
35036,,,,,,,,,,,,,,,,,,,,,,,,,,,,,,,,,,,,6407.6,,,,,,,,,,,,,,,,
35026,,10025.4,,,,,,,,,,,,,,,,,,,,,,,,,,,,,,,,,,,,,,,,,,,,,,,,,,
35022,,,,,,,,,,,,,,,,,,,,,,,,,,,,,,,,,,,,,,,,,,615064,,,,,,,,,,
35019,,,,,,,,,,,,,,747656,,,,,,,,,,,,,,,,,,,,,,,,,,,,,,,,,,,,,,
35005,,,,,,,,,,,,,,,,,,,,,,,,,,,,,,,355816,,,,,,,,,,,,,,,,,,,,,
35002,,,,,,,,,,,,,,,597136,,,,,,,,,,,,,,,,,,,,,,,,,,,,,,,,,,,,,
34993,,,,,,,,,,,,,,,,,,,,,,,,,,,,,,,,,,,,,50772.9,,,,,,,,,,,,,,,
34971,,,,,,,,,,,,,,,,,,,,,,,,,,,,,,,529831,,,,,,,,,,,,,,,,,,,,,
34953,,,,57979,,,,,,,,,,,,,,,,,,,,,,,,,,,,,,,,,,,,,,,,,,,,,,,,
34943,,,,,,,145180,,,,,,,,,,,,,,,,,,,,,,,,,,,,,,,,,,,,,,,,,,,,,
34939,,,,,,,,,,,,,,,,,,,,,,,,,501687,,,,,,,,,,,,,,,,,,,,,,,,,,,
34936,,,,,,,,,,,,,,,,,,,,,,,,,,,,,,,,,,,,8756.36,,,,,,,,,,,,,,,,
34925,,,,,,,,,,,,,,,,,,,,,,,,,,,,,,,,,,,,,,,,,,,,,,,,,,,467171,
34924,,,,,,,,308833,581015,,,,,,,,,,,,,,,,,,,,,,,,,,,,,,,,,,,,,,,,,,,
34918,,,,,,,297177,,,,,,,,,,,,,,,,,,,,,,,,,,,,,,,,,,,,,,,,,,,,,
34912,,,24242.4,,,,,,,,,,,,,,,,,,,,,,,,,,,,,,,,,,,,,,,,,,,,,,,,,
34909,,,,,,,,,,,,,,,,,,,,,,,,,,,,,,,,,,,,,,,,543550,,,,,,,,,,,,
34908,,,,,106204,,,,,,,,,,,,,,,,,,,,,,,,,,,,,,,,,,,,,,,,,,,,,,,
34900,,,,,,,301234,,,,,,,,,,,,,,,,,,,,,,,,,,,,,,,,,,,,,,,,,,,,,
34891,,,,,,,,,,,,,,,,,,,,,,,,,,,,882870,,,,,,,,,,,,,,,,,,,,,,,,
34888,,,,,,,,,,,,689886,,,,,,,,,,,,,,,,,,,,,,,,,,,,,,,,,,,,,,,,
34874,,,,,,,,,,,,,,,,,,,,,,,332946,,,,,,,,,,,,,,,,,,,,,,,,,,,,,
34870,,,,,,152935,,,,,,,,,,,,,,,,,,,,,,,,,,,,,,,,,,,,,,,,,,,,,,
34868,,,,,,,,,,,,,,,,,,,,,,,,,,,,,,,,,,,,,,,,,,,,621219,,,,,,,,
34865,,,,,,,,,,,,719034,,,,,,,,,,,,,,,,,,,,,,,,,,,,,,,,,,,,,,,,
34864,,,,,,,177849,,,,,,,,,,,,,,,,,,,,,,,,,,,,,,,,,,,,,,,,,,,,,
34860,,,,,,,,,,,,,,,,,,,,,,,,,,,744434,,,,,,,,,,,,,,,,,,,,,,,,,
34854,,,,,,,,,,,,,,,,,,,,,,,,,,,,,,,,,,,,,,,,,,607384,,,,,,,,,,
34850,,,,,,,,,,,,,895044,,,,,,,,,,,,,,,,,,,,,,,,,,,,,,,,,,,,,,,
34847,,,,,,,,,,,,,,,,,,,,,,,,,,,,,606818,,,,,,,,,,,,,,,,,,,,,,,
34846,,,,,,,,,,,,,,,,,,,,,,,,,,,,,,,364842,,,,,,,,,,,,,,,,,,,,,
34837,,,,,,,178454,,,,,,,,,,,,,,,,,,,,,,,,,,,,,,,,,,,,,,,,,,,,,
34834,,,,,,,,,,,,,,,546366,,,,,,,,,,,,,,,,,,,,,,,,,,,,,,,,,,,,,
34833,,,,,,,,,,,,,,,,,,,,,,,,,,,,,,725431,,,,,,,,,,,,,,,,,,,,,,
34831,,,,,,,,,,,,,,,,,,,,,,,,,,,,,,,,,,,,,,,341190,,,,,,,,,,,,,
34826,,,,,86752.8,,,,,,,,,,,,,,,,,,,,,,,,,,,,,,,,,,,,,,,,,,,,,,,
34824,,,,,,,,,,,596898,,,,,,,,,,,,,,,,,,,,,,,,,,,,,,,,,,,,,,,,,
34822,,,,,,,,,,,,,,,,,,,,,,,412087,,,,,,,,,,,,,,,,,,,,,,,,,,,,,
34813,,,,,,,,,,,,,,,,,,,,15733,,,,,,,,,,,,,,,,,,,,,,,,,,,,,,,,
34809,,,,,,,,,,,,,,,,,,,,,,,,,,,,,,,,,,,,,,,,,,,,544010,,,,,,,,
34808,,,,,,,,,,,,,,,568161,,,,,,,,,,,,,,,,,,,,,,,,,,,,,,,,,,,,,
34803,,,,,,,,,,,,,,,,,,,,,,,,,,,,,,562611,,,,,,,,,,,,,,,,,,,,,,
34785,,,,,,,,,,,,,,,,,,,,,,,,,,,,,,,,,,,,,,,,,,,,612136,,,,,,,,
34784,,,,,,,,,,,,,,,460931,,,,,,,,,,,,,,,,,,,,,,,,,,,,,,,,,,,,,
34782,,,,,84066.6,,,,,,,,,,,,,,,,,,,,,,,,,,,,,,,,,,,,,,,,,,,,,,,
34778,,,,,,,,,,,,,,,,,,,,,,,,,,,621254,,,,,,,,,,,,,,,,,,,,,,,,,
34768,,,,,,,,,,,,,,,,,,,,,,,,,,,,,,,,,,,,,,,,,,,622270,,,,,,,,,
34758,,,,,,,,,,,,,,,,,,,,,,,,,,,,,,,,,,,,,,,,512317,,,,,,,,,,,,
34756,,,,,,,,,,608388,,,,,,,,,,,,,,,,,,,,,,,,,,,,,,,,,,,,,,,,,,
34753,,,,,,100633,,,,,,,,,,,,,,,,,,,,,,,,,,,,,,,,,,,,,,,,,,,,,,
34716,,,,,,,,,,,,,,,,,,,,,,,,,,,,,705594,,,,,,,,,,,,,,,,,,,,,,,
34711,,,,,,,,,,,,,,,,,,,,,,,,,,,,,,,,,,,,,,,436692,,,,,,,,,,,,,
34704,,,,,139001,,,,,,,,,,,,,,,,,,,,,,,,,,,,,,,,,,,,,,,,,,,,,,,
34698,,,,61292.2,,,,,,,,,,,,,,,,,,,,,,,,,,,,,,,,,,,,,,,,,,,,,,,,
34695,,,,,,,,,,,,,,,,,,,,,,,,,,,,,,,,,,,,,,,,,,,,,,,,,450343,,,
34694,,,,,,,,,,,,,,,,,,,,,,,,,,,,,,,,,,,,,,,379917,,,,,,,,,,,,,
34665,,,,,,,,,,,,,,,,,,,,,,,,,,,,,,,,,,,,,,,294804,,,,,,,,,,,,,
34662,,,,,67521.3,,,,,,,,,,,,,,,,,,,,,,,,,,,,,,,,,,,,,,,,,,,,,,,
34661,,,,,,130593,,,,,,,,,,,,,,,,,,,,,,,,,,,,,,,,,,,,,,,,,,,,,,
34657,,,,,,,,,,,,,,,,,,,,,,,,,,,,,,,,,,,,,43128.9,,,,,,,,,,,,,,,
34655,,,,,,,,,,,,,,,,,,,,,,107029,,,,,,,,,,,,,,,,,,,,,,,,,,,,,,
34653,,,,,,,,,,,,,,,,,,,,22668,,,,,,,,,,,,,,,,,,,,,,,,,,,,,,,,
34650,,4783.92,,,,,,,,,,,,,,,,,,,,,,,,,,,,,,,,,,,,,,,,,,,,,,,,,,
34649,,,,,,,,,,,,,,,,,,,,,,,,,,,,,,,,,,,,,,,308295,,,,,,,,,,,,,
34648,,,,,,,,,,,,,,,,,,,,,,,276996,,,,,,,,,,,,,,,,,,,,,,,,,,,,,
34646,,,,,,,,,,,,,,,,,,,,,,,,,,,663007,,,,,,,,,,,,,,,,,,,,,,,,,
34640,,,,,,,,,,,,,,,,,,,,,,,,,,,,,,,,,,,,,,120367,,,,,,,,,,,,,,
34637,,,,,,,300947,,,,,,,,,,,,,,,,,,,,,,,,,,,,,,,,,,,,,,,,,,,,,
34635,,,,,,,,,,,,735379,,,,,,,,,,,,,,,,,,,,,,,,,,,,,,,,,,,,,,,,
34633,,,,,,,,,,,,,,,,,,,,,,112060,,,,,,,,,,,,,,,,,,,,,,,,,,,,,,
34628,,,,,,,,,,,,,,,,,,,,,,,346446,,,,,,,,,,,,,,,,,,,,,,,,,,,,,
34624,,,,,,,,,,,,,,,,,,,,,,,,,,,,,,,,,,,,,,,369124,,,,,,,,,,,,,
34623,,,,,,,,,,,,,,,,,,,,,,,,,,,,,,,,,,,,,,128124,,,,,,,,,,,,,,
34605,,17729.5,,,,,,,,,,,,,,,,,,,,,,,,,,,,,,,,,,,,,,,,,,,,,,,,,,
34604,,,,,,,,,,,,,,,,,,,,,,,,,,,,,,,,,,,,,,,,751387,,,,,,,,,,,,
34602,,,,,,,,,,,,,,,,,,,,,34700.6,,,,,,,,,,,,,,,,,,,,,,,,,,,,,,,
34600,,,,,,,,,,,,,,,,,,,,,,,,,,,,,,,,,,,,,,,,,,672479,,,,,,,,,,
34599,,,,,,,,,,,,,,,,,,,,,,123445,,,,,,,,,,,,,,,,,,,,,,,,,,,,,,
34591,,,,,,128029,,,,,,,,,,,,,,,,,,,,,,,,,,,,,,,,,,,,,,,,,,,,,,
34583,,,,,,,,,,,,,,,,,,,,,,,,,,,,,,,,,,,,,,,248748,,,,679879,,,,,,,,,
34580,,8724.07,,,,,,,,,,,,,,,,,,,,,,,,,,,,,,,,,,,,,,,,,,,,,,,,,,
34579,,,,,,,,,,,,,,,,,,,,,,,,,,,,,,,,,,,,,,,,596545,,,,,,,,,,,,
34566,,,,,,,,,,,,,,,,,,,5265.8,,,,,,,,,,,,,,,,,,,,,,,,,,,,,,,,,
34560,,8211.29,,,,,,,,,,,,,,,,,,,,,,,,,,,,,,,,,,,,,,,,,,,,,,,,,,
34559,,,,,,,,,,,,,,,,,,,,,,,,,,,810416,,,,,,,,,,,,,,,,667563,,,,,,,,,
34558,,,,,,,,,,,,,,,,,,,,,43080.6,,,,,,,,,,,,,,,,,,,,,,,,,,,,,,,
34541,,,,,,,,,,,,,,,,,,,,,,,,,,,,,,,,,,,,,,,,1010920,,,,,,,,,,,,
34536,,,,,,,,,,,,,,,,,,,,,,104266,,,,,,,,,,,,,,,35504.2,,,,,,,,,,,,,,,
34534,,,,65941.6,,,,,,,,,,,,,,,,,,,399611,,,,,,,,,,,,,,,,,,,,,,,,,,,,,
34532,,,,,105306,,,,,,,,,,,,,,,,,,,,,,,,,,,,,,,,,,,,,,,,,,,,,,,
34531,,6222.2,,,,,,,,,,,,,,,,,,,,,,,,,,,,,,,,,,,,,,,,,,,,,,,,,,
34529,,,19500.9,,,,,,,,,,,,,,,,,,,,,,,,,,,,,,,,,,,,,,,,,,,,,,,,,
34518,,,,,,,,,,,,,,,,,,,,,,,433349,,,,,,,,,,,,,,,,,,,,,,,,,,,,,
34516,,,,,,121871,,,,,,,,,,,,,,,,,,,,,,,,,,,,,,,,,,,,,,,,,,,,,,
34514,,,,,,,,,,,,,,,,,,,,,,,,,,,,,,,,,,,,5892.55,,,,,,,,,,,,,,,,
34513,,5182.58,,,,,,,,,,,,,,,,,,,,,,,,,,,,,,,,,,,,,295135,,,,,,,,,,,,,
34511,,,,,,,,,,,,,,,,,,,,,,,,,,,,,,,,,,,,,,,,711474,,,,,,,,,,,,
34496,,,,,,,,297166,,,,,,,,,,,,,,,,,,,,,,,,,,,,,,,,,,,,,,,,,,,,
34494,,,,,,122199,,,,,,,,,,,,,,,,,,,,,,,,,,,,,,,,,,,,,,,,,,,,,,
34492,,,,,,,,,,,,,,,,,,,,,,,,,,,,,,,,,,,,,,,,724244,,,,,,,,,,,,
34488,,,,,,,,,,,,,,,,,,,,,,,523833,,,,,,,,,,,,,,,,,,,,,,,,,,,,,
34466,,,,,,118110,,,,,,,,,,,,,,,,,,,,,,,,,,,,,,,,,,,,,,,,,,,,,,
34461,,,,,,,,,,,,,,,,,,,,,41252.6,,,,,,,,,,,,,,,,,,,,,,,,,,,,,,,
34450,,,,,,111340,,,,,,,,,,,,,,,,,,,,,,,,,,,,,,,,,,,,,,,,,,,,,,
34449,,,,,,,,,,,,,,,,,,,,24513.9,,,,,,,,,,,,,,,,,,,250985,,,,,,,,,,,,,
34435,,,,,,,,,,,,,,,,,,,,,,,,,,,,,,,,,,,,,,,,,,682458,,,,,,,,,,
34418,,,,,,,,,,,,,,,,,,,,,,,,,,,,,,,,,,,,,,,,,573446,,,,,,,,,,,
34414,,7558.45,,,,,,,,,,,,,,,,,,,,,,,,,,,,,,,,,,,,,,,,,,,,,,,,,,
34379,,,,,,,,,,,,,,,,,,,,,,96836,,,,,,,,,,,,,,,,,,,,,,,,,,,,,,
34317,,,,,,,,,,,,,,,,,,,,,,111021,,,,,,,,,,,,,,,,,,,,,,,,,,,,,,
34302,,,,,,,,,,,,,,,,,,,,,,,,,,,,,,,,,,,,,,,246335,,,,,,,,,,,,,
34273,,,,,,,,,,,,,,,,,,,,24208.8,,,,,,,,,,,,,,,,,,,,,,,,,,,,,,,,
33600,,,,,,,,,,,,,,,,,,,,,,,,,,,,,,,,,,672060,,,,,,,,,,,,,,,,,,396256
33599,,,,,,,,,,,,,,,,,,452622,,,,,,,,,,,,,,,,,,,,,,,,,,,,,,,,,,
33559,,,,,,,,,,,,,,,,,,614100,,,,,,,,,,,,,,,,,,,,,,,,,,,,,,,,,,
33456,,,,,,,,,,,,,,,,,,,,,,,,,,,,,,,,442391,,,,,,,,,,,,,,,,,,,,
33454,,,,,,,,,,,,,,,,,,,,,,,,,,,,,,,,,654514,,,,,,,,,,,,,,,,,,,
33453,,,,,,,,,,,,,,,,,,,,,,,,,,,,,,,,,,,,,,,,,,,,,,,,,,461196,710143,
33414,,,,,,,,,,,,,,,,,602111,,,,,,,,,,,,,,,,,,,,,,,,,,,,,,,,,,,415868
33413,,,,,,,,,,,,,,,,,,,,,,,,,,,,,,,,,,428617,,,,,,,,,,,,,,,,,596656,
33366,,,,,,,,,,,,,,,642278,,,,,,,,,,,,,,,,,,,,,,,,,,,,,,,,,543310,,,,
33310,,,,,,,,,,,,,,,,,,,,,,,,,,,,,,,,,542743,,,,,,,,,,,,,,,,,,,
33309,,,,,,,,,,,,,,,,,,,,,,,,,,,,,,,,,,,,,,,,,,,,,,,,,,1005260,,
33308,,,,,,,,,,,,,,,,,497375,,,,,,,,,,,,,,,,,,,,,,,,,,,,,,,,,,,
33306,,,,,,,,,,,,,,,,561565,,,,,,,,,,,,,,,,,,,,,,,,,,,,,,,,,595433,,,
33266,,,,,,,,,,,,,,,,,738219,,,,,,,,,,,,,,,,,,,,,,,,,,,,,,,,,,,
33264,,,,,,,,,,,,,,,,,,,,,,,,,,,,,,,,,,,,,,,,,,,,,,,,,,545236,,
33235,,,,,,,,,,,,,,,,,,,,,,,,,,,,,,,,,,,,,,,,,,,,,,,,,,450226,,
33172,,,,,,,,,,,,,,,,,,,,,,123235,,,,,,,,,,,,,,,,,,,,,,,,,,,,,,
33163,,,,,,,,,,,,,,,,,,,,,,,,,,,,,,,1027120,,,,,,,,,,,,,,,,,1137440,1197190,,,
33162,,,,,,,,,,,,,,,,,,,,,,,,,,,,,,,,734994,,,,,,,,,,,,,,,,,,,,
33161,,,,,,,,,,,,,,,,,,,,,,,,,,,,,,,,,,,,,,,,,,,,,,,,,,778076,,
33146,,,,,,,,,,,,,,,,,,,,,,,,,,,,,,,,,,,,,,,,,,,,,,,,,,414952,,
33122,,,,,,,,,,,,,,,,,,,,,,,,,,,,,,,,,,,,,,,,,,,,,,,,,,473401,,
33108,,,,,,,,,,,,,,,,,,,,,,,,,,,,,,,,,,,,7625.82,,,,,,,,,,,,,,,,
33105,,,,,72055.4,,,,,,,,,,,,,,,,,,,,,,,,,,,,,,,,,,,,,,,,,,,,,,,
33094,,,,,,,,,,,,,,,,,,,,,,,,,,,,,,,,,,,,,,,,,,,,,,,,,,,414698,
33088,,,,,,,,,,,,,,,,,,,,,,,,,,,,,,,,,,,,11660.3,,,,,,,,,,,,,,,,
33087,,,,,,,,,,,,,,,,,,,,,,,,,,,,,,,,,,480393,,,,,,,,,,,,,,,,,,
33076,,,,,,,,,,,,,880509,,,,,,,,,,,,,,,,,,,,,,,,,,,,,,,,,,,,,,,
33073,,,,,,,,,,,,,,,,,,,,,,,,,,,,,,,,,,,,8784.01,,,,,,,,,,,,,,,,
33059,,,,,,,,,,,,,,,,,,,,,,,,,,,,,,,,,,,,,,,,,,,,,,1188270,,,,,,
33018,,,,,,,,,,,,,,,,,,,,,,,,,,,,,,,,,,,,,,,,,,,,,,,,842080,,,,
33016,,,,,,,,,,,,,,,,,,,,,,,,,,,,,,,,,,,,,,,,,,,,,,,673263,,588475,,,
33004,,,,,,,,,,,,,,,,,,,,,,,,,,,,,,,,621279,,,,,,,,,,,,,,,,,,,,
32999,,,,,,,,,,,,,,,,,,,,,,,,,,,,,,,,,,,,,,,,,,,,,,,,,,561226,,
32990,,,,,,,,,,,,,,,,,,,,,,,,,,,,,,,,,,,,,27426.8,,,,,,,,,,,,,,,
32986,,,,,,,,,,,,,,,,,,,,,,,,,,,,,,,,,,,,,,,,,,,,,,,,,,,443910,
32982,,,,,,,,,,,,,,,,,,,,,,,,,,,,,,,,,660285,,,,,,,,,,,,,,,,,,,
32980,,,,,,,,,,,,,,,,,,,,,,,,,,,,,,,,708590,,,,,,,,,,,,,,,,,,,,
32977,,,,,,,,,,,,,,,,,,,,,,,,,,,,,,,,,,,,,,,,,,,,,,962063,,885585,,,,
32976,,,,,,,,,,,,,,,586546,,,,,,,,,,,,,,,,,,,,,,,,,,,,,,,,785782,,1018650,,,
32956,,,,,,,,,,,,,,,,,,,,,,,,,,,,,,,,,,,,,,,,,,,,,,779173,,,,,,
32947,,,,,,,,,,,,,,,,,,,,,,,,,,,,,,,,,,,,,,,,,,,,,,,,506449,,,,
32944,,,,,,,,,,,,,,,,727629,,,,,,,,,1080960,,,,,,,,855403,,,,,,,,,,,,,,,,,,,
32943,,,,,,,,,,,,,,,,,,,,,,,,,,,,,,,,,,,,,,,,,,,,,,,,,746581,,602411,
32935,,,,,,,,,,,,,,,,,,,,,,,,,,,,,,684349,,,,,,,,,,,,,,,,,,,,,,
32934,,,,,,,,,,,,,,,,,,,,,,115743,,,,,,,,,,,,,,,,,,,,,,,,,,,,,,
32931,,,,,,,,,,,834482,,,,,,,,,,,,,,,,,,,,,,,,,,,,,,,,,,,,,,,,,
32929,,,,,,,,,,,,,,,,,,,,,,,,,,,,,,,,,,,,,,,,,,,,,528285,,,,,,,
32916,,,,,,,,,,,,,,,,,,,,,,,,,,,,,,,,,,,,,,,,,,,,,,645576,,,,,,
32915,,,,,,,,,,,,,,,,,,,,,,,,,,,,,,,,,,,,,,,,,,,,,,,,604964,,,,
32914,,,,,,,,,,,,,,870214,,,,,,,,,,,,,,,,,,,,,,,,,,,,,,,,,,,,,,
32913,,,,,,,,,,,,,,,,,,,,,,,,,,,,,,801126,,,,,,,,,,,,,,,,,,,,,,
32912,,,,,,,,,,,,,,,,,,,,,,,,,,,,,,,,,,,,,,,,,,,,,604825,,818841,,,,,
32910,,,,,,,,,,,727379,,,,,,,,,,,,,,,,,,,,469909,,,,,,,,,,,,,,,,,,,,,
32904,,,,,,,,,,638392,,,,,,,,,,,,,,,,,,,,,,,,,,,,,,,,,,,,,,,,,,
32903,,,,,,,,,,,,,,,,,,,,,,,,,,,,,,,,,533678,,,,,,,,,,,,,,,,,,,
32900,,,,,,,,,,,,,,,,,,,,,,,,,,,,,,,,711135,,,,,,,,,,,,,,,,,,,,
32898,,,,,,,,,,,,,,,,,,,,,,,,,982533,,,,,,,,,,,,,,,,,,,,,,,,,795643,,
32897,,,,,,,,,,,,,,,,,,,,,,,,,,,,,,,,,,,,,,,,,,,,,,,,,992374,,,
32896,,,,,,,,,,,,,,,,,,,,,,,,,,,,,,,,,,,,,,,,,,,,,,,1026340,,,,,
32893,,,,,,,,,,,,,,,,,,,,,,,,,,,,,,612268,,,,,,,,,,,,,,,,,,,,,,
32891,,,,,,,,,,,754219,,,,,,,,,,,,,,,,,,,,,,,,,,,,,,,,,,,,,,,,,
32888,,,,,,,,,,864151,,,,,,,,,,,,,,,,,,,,,,,,,,,,,,,,,,,,,,698289,,,,
32887,,,,,,,,,,,,,,,,,,,,,,,,,,674953,,,,,,,,,,,,,,,,,,,,,,,,,,
32876,,,,,,,,,,,,,,,,,,,,,,,,,,,,,,,822631,,,,,,,,,,,,,,,,,,,,,
32873,,,,,,,,,,,,,,,,,,,,,,,,,,,,,,,,,,,,,,,,,,,,,,,,763173,,900183,,
32872,,,,,,,,,,,,,,,,,,,,,,,,,,,,,,,,,,,,,,,,,,,,,,,796504,,,,,
32870,,,,,,95275.1,,,,,,,,,,,,,,,,,,,,,,,,,,,,,,,,,,,,,,,,,,,,,,
32869,,,,,,,,,,,,,,,,,,,,,,,,,,,,,,,,,,,,,,,,,,,,,,889070,,,,,,
32867,,,,,,,,,,,,,,,,,,,,,,,,,,1072350,,,,,,,,,,,,,,,,,,,,,,,,,,
32854,,,,,,,,,,,,,,,,,,,,,,,,,,,,,,,,572788,,,,,,,,,,,,,,,,,,965315,,
32852,,,,,,,,,,,,,,,,,,,,,,,,,,,,,,,,,,,,,,,,,,,,,,,1030490,,,,,
32849,,,22549.9,,,,,,,,585566,,,,,,,,,,,,,,,946032,,,,,,,,,,,,,,,,,,,,,,,,,,
32840,,,,,,,,,,,,,,,,,,,,,,,,,,,,,,,1034990,,,,,,,,,,,,,,,,,1120370,,,,
32839,,,,,,,,,,,,,,,1071200,1051700,,,,,,,,,,,,,,692922,,,,,,,,,,,,,,,,,,,,,,
32838,,,,,,,,,,,,,,,,,,,,,,,,,,,,,,,,,,,,,,,,,,,,,,,,,1214800,,,
32837,,,,,,,,,,,,,,,,,,,,,,,,,,,,,,,,724238,,,,,,,,,,,,,,821795,727917,,,,,
32833,,,,,,,,,,,,,,,,,,,,,,,,,,737781,,,,,,,,,,,,,,,,,,,,,,,,,,
32827,,,,,,,,,,,,,,,,,,,,,,,,,645661,,,,,,,,,,,,55555.2,,,,,,,,,,,,,,,
32826,,,,,,,,,,,972683,,,,,,,,,,,,,,,,,,,,,,,,,,,,,,,,,,,,,,,,,
32819,,,,,,,,,,,,,,,,,,,,,,,,,,,,,,582671,,,,,,,,,,,,,,,,,,,,,,
32813,,,,,,,,,,,,,,,792213,,,,,,,,,,,,,,,,,,,,,,,,,,,,,,,,,,,,,
32811,,,,,,,,,,860069,,,,,,,,,,,,,,,,,,,,,,,,,,,,,,,1529310,,,,,,,,,,,
32809,,,,,,,,,,,,,,,,,,,,,,,,,907351,,,,,,,,,,,,,,,,,,,,,,,,,,,
32808,,,,,,,,,,,,,,,,,,,,,,,,,,,,,,,,,,,,,,,,,,,795421,,,,,,,,,
32800,,,,,,,,,,,,,,,,,,,,,,,,,,,,,,,,,,,,,,,,,,,,,,,812017,,,,,
32799,,,,,,,,,,,,,,,,,,,,,,,,,,,,,,,,,,,,,,,,,,,,,,,,1170740,,,,
32798,,,,,,,,,,,,,,,1189450,1024710,,,,,,,,,,,,,,,,1370090,,,,,,,,,,,,,,,,,1450030,,,
32797,,,,,,,,,,,,,,,,,,,,,,,,,,,,,,,,,605237,,,,,,,,,,,,,,,,,1163630,,
32796,,,,,,,,,,,,,,,,,,,,,,,,,,,,,,574541,,,,,,,,,,,,,,,,,,,,,747557,
32795,,,,,,,,,,,,,,,,,,,,,,,,,,,,,,,1214630,,,,,,,,,,,,,,,,,,,,,
32786,,,,,,,,,,,,,,,,,,,,,,,,,,,,,,,,,,,,,,73987.7,,,,,,,,,,,,,,
32785,,,,,,,,,553260,,714612,,,,,,,,,,,,,,,,,,,,,,,,,,,,,,661905,,,,,,,,,,,
32784,,,,,,229251,,,,1070610,,,,,,,,,,,,,,,1045760,,,,,,,,,,,,,,,,,,,,1067420,,,,,,,
32783,,,,,,,,,,,,753522,,,,,,,,,,,,,,,,,,,,,,,,,65379.1,,,,,,,,,,,,,,,
32781,,,,,,,,,,,,,,,,,,,,,,,,,,,,,,,,,,,,,,,,,,,,,,,,813188,,,,
32770,,,,,,,,,,,,,,,,,,,,,,,,,,,,,,,,,,,,,,,,,,,,791236,,,692712,,,,,
32768,,,,,,,,,,,,,,,,,,,,,,,,,,1254030,,,,,,,,,,,,,,,,,,,,,,,,,,
32767,,,,,,,,,,,,1082340,,,,,,,,,,,,747294,1021230,,,,,,,,,,,,60779.2,,,,,,,,,623164,,,,,,
32766,,,65381.9,,,,,,,,1413210,,,,525083,,,,,,,,,,,,,,,,,,,,,,,,,,,,,,,,,,,,,
32765,,,,,,,,,,,,,,,,,,,,,,,,,,,,,,,,,,,,,,,,492279,,,,,,,,,,,,
32757,,,,,,,,,,,,,,,,,,,,,,,,,,,,,,,,519712,,,,,,,,,,,,,,,,,,771896,,
32756,,,,,,,,,,,,,,,,925177,,,,,,,,,,,,,,,,,528845,,,,,,,,,,,,,,,,,,,
32755,,,,,,,,,,,,,,,,,,,,,,,,,,,,836087,,,1222320,,,,,,,,,,,,,,,,,,,,,
32753,,,,,,,,,,,,,,,,,,,,,,,,,,,,,,,,,,,,,,,,,,,,693993,681184,,,,,,,
32752,,,,,,,,,,,,,,,,,,,,,,,,,,,,,,,,,,,,,,,,,,,,,,,,815121,,,,
32750,,,,,,,,,,,,,,,,,,,,,,,,925258,,,,,,,,,,,,,,,,,,,,,,,,,930217,,,
32749,,,,,,,,,,,,,,774653,,,,,,,,,,,668050,,,,,,,,,,,,,,,,,,,,,1003900,,,,,,
32748,,,,,,,,,,,,,,,881118,,,,,,,,,,,,,,,,,,,,,,,,,,,,,,,,604357,,,,,
32747,,,,,,,,,837451,,,,,,,,,,,,,,,,,,,,,,,,,,,,,,,,,,,,,,,,,,,
32746,,,,,,,,,,,,,,,,,,,,,,,,,,572704,,,,,,,,,,,,,,,,,,,,,,,,,,
32744,,,,,,,,,,,,,,,,,,,,19911.7,,,,,,,,,,,,,,,,,,,,,,,,,,,,,,,,
32742,,,,,,,,,,992809,,,,,,,,,,,,,,,,,,,,,,,,,,,,,,,,,,,,,,,,,,
32736,,,,,,,,,,,,,,,,,,,,,,,,,,,,,,,,,,,,,,76061.8,,,,,,,,,,,,,,
32735,,,,,,,,,,,,,,,,,,,,,,,,,,,,,,,,,,,,,,,,,,,,,,,,,1162580,,,
32732,,,,,,,,,,,,,,,807196,,,,,,,,,,,,,,,,,,,,,,,,,,,,,,,,,,,,,
32731,,,,,,,,,,,,,,,,,,,,,,,,,,,,,,,,,,,,,,,,,,,,,,,,,,363419,,
32729,,,,,,,,,,,,,,,,,,,,,,,,,,,,,,,,,,,,,,,,,,,,,,1224620,,,,,,
32728,,,,,,,,,,,,,,,,,,,,,,,,,,,,1045130,,,,,,,,,,,,,,,,,,,980791,,,,,
32727,,,,,,,,,,,,,,,,,,,,,,,,,532160,,,,,754123,,,,,,,,,,,,,,,1089470,,,,,,,
32726,,,,,,,,,,1050670,,,1096770,,,,,,,,,,,,,,,,,,1006610,,,,,,,,,,,,,,,,,,,,,
32725,,,,,,,,,,,,,,1072290,,,,,,,,,,,,,,,,,,,,,,,,,,,869901,,,,,,,,,,,
32724,,,,,,,,,730724,,,,,,,,,,,,,,,,,,,,,,,,,,,,,,,,,,,,,,,,,,,
32723,,,,,,,,,,,,,,,,,,,16913.3,,,,,,,,,,,,,,,,,,,,,,,,,,,,,,,,,
32722,,,,,,,,,,,1121150,,,,,,,,,21699.6,,,,,,,,,,,,,,,,,,,,,,,,,,,,,,,,
32718,,,,,,,,,,,,,,,,,,,,,,,,802650,,,,,,,,,,,,,,,,,,,,,,,,,,,,
32716,,,20742.8,,,,,,,,,,,,,,,,,,,,,,,,,,,,,,,,,,,,,,,,,,,,,,,,,
32711,,,,,,,,,,,,,,,,,,,,,,,,,,,,,,,,,,,,,,,,,,,,,,,,,1234330,,,
32710,,,,,,,,369213,,,,,,1301220,,,,,,,,,,,,,,,,,1182830,,,,,,,,,,,,,,1656590,1113860,,1465930,,,,
32709,,,,,,,275084,,,,,,923282,,,,,,,,,,,,,,,,,1307680,,,,,,,,,,,,,,,,,,,,,,
32708,,,,,,,,,,,,,,,,,,,,,,,,,,,,,,,,600776,,,,,,,,,,,,1087110,,,,,,,,
32703,,,,,,,,,1078270,1058330,,,,,,,,,,,,,,,,,,,,,,,,,,,,,,,,,,,,,,,,,,
32696,,,,,,,,,,,,,,,,,,,,,,,,,,,,,909100,,,,,,,,,,,,,,,,,,,,,,,
32694,,,,,,,,,,,,,,,,,,,,,,,,,,,,,,1671310,1887090,,,,,,,,,,,,,,,1008750,,,,,,
32693,,,,,,,,,,,,,,,1220220,,,,9064.71,,,,,,,,,,,,,,,,,,,,,,,,,,,,1171480,,1479490,,,
32692,,,,,,,,,,,,,,1444550,,,,,,,,,,,,,,,,,,781618,,,,,,,,,,,,,1056050,,,1463090,,,,
32689,,,,,,,,,,,,,,,,,,,,,,,,,,,,,,,,,,,,,,,,,,,,888411,,,,,,,,
32688,,,,,,,,,,1123920,,,,,,,,,,,,,,,,,,,,,,,,,,,,,,,,,,,,,,,,,,
32685,,,,,,,,,,,,,,,,,,,,,,,,,1089170,,,,,,,,,,,,,,,,,,,,,,,,,,,
32684,,,,,,,,,,,,,884621,,,,,,,,,,,,,,,,,,,,,,,,,,,,,,,,,,,,,,,
32683,,,42244.4,,,,,,,,,,,,,,,,,,,,,,,,,,,,,,,,,,,,,,,,,,,,,,,,,
32682,,,,,,,,,,,,,,,,,,,,,,,,,,776561,,,,,,,,,,,,,,,,,,,,,,,,,,
32681,,,,,,,,,,,1202680,,,,,,,,,,,,,,,,,707600,,,,,,,,,,159134,,,,,,,,,,,,,,
32679,,,,85454,,,,,,,,,,,,,,,,,,,,975761,,,,,,,,,,,,,,,,,,,,,,,,,,,,
32677,,,,,,,551723,,,,,,,,,,,,,,,,,,,,,,,,,,,,,,,,,,,,,,,,,,,,,
32674,,,,,,,,,,,,,,,1170840,,,,,,,,,,,,,,,,,,,,,,,,,,,,,,,,,,,,,
32673,,,,,,,,,,,,,,,,,,,8032.92,,,,,,,,,,,,,,,,,,,,,,,,,,,,,,,,,
32670,,,,,,,,,,,,,,1017950,,,,,,,,,,,,,,,,,,783037,,,,,,,,,,,,,,,,,,,,
32669,,,,,,,,,,,,,,,,760944,,,,,,,,,,,,,,,,,,,,,,,,,,,,,,,,953097,,,,
32668,,,,,,,,,,,,,,,,,,,,,,,,,,,,,,,1313530,,,,,,,,,,,,,,,,,,1325960,,,
32667,,,,,,,,,,,,,,,,,,,,,,197658,,,,,,,,983690,,,,,,,,,,,,,,,,,,,,,,
32665,,,,,,,,,,,,,,,,,,,,,,,,,,,,,,,,,,,,,,,,,1050030,,,,,,,,,,,
32664,,,,,,,,,,757546,,,,,,,,,,,,,484406,,,,,799571,,,,,,,,,,,,,,,,,,,,,,,,
32663,,,,,,,,,1061570,,,,,,,,,,,,,,,,,,,,,,,,,,,,,,,,,1247190,,,,,,,,,,
32662,,5848.23,,,,,,,,,,,,,,,,,,,,,,1227800,,,,,,,,,,,,,,,,,,,,,,,,,,,,
32661,,,,,,,,,,,,,,,,,,,,,,,,,,,,,,,,,,,,,58790.2,,,,,,,,,,,,,,,
32660,,,44146.5,,,,,,,,,,,,,,,,,,,,,,,,,,,,,,,,,,,,,,,,,,,,,,,,,
32659,,,,,,,,,,,,,,,,,,,,,,,,,1463540,,,,,,,,,,,,,,,,,,,,,,,,,,,
32657,,,,,,,,,,,,,,,,,,,8458.3,,,,,,,,,,,,,,,,,,,,,,,,,,,,,,,,,
32656,,,,,,,,,,,,,,,,,,,,,,,,,,,,,,,,,,,,8466.43,,,,,,,,,,,,,,,,
32654,,,,,,,,,,,,,1782060,,,,,,,,,,,,,,,,,,,,,,,,,,,,,,,,,,,,,,,
32653,,,,,,,,,,,,,,,,,,,,,,,,,,,,,,,,,,,,,,,,,,,,,,1262710,,,,,,
32652,,,,,,,,,,,,,,,1576990,667269,,,,,,,,,,,,,,,1709490,987255,,,,,,,,,,,,,,,1491030,,2055710,,,
32651,,,,,,,,,,,,,,1076260,,,,,,,,,,,,,,,,1242910,,,,,,,,,,,,,,,,,,1460880,,1436000,,
32643,,,,,,,,,,,,,,,,,,,,,61225.1,,,,,,,,,,,,,,,,,,,,,,,,,,,,,,,
32642,,,,,,,343665,,,,650702,,,,,,,,,,,,,,,1550380,,,,,,,,,,,,,,,,,,,,,,,,,,
32641,,,,,,,,,,,,,,,,,,,,,,,,,1461310,,,,,,,,,,,,,,,,,,,,,,,,,,,
32640,,,,,,,,,1267010,,,,,,,,,,,,,,,,,,,,,,,,,,,,,,,,,,,,,,,,,,,
32639,,,,,,,,,,,,,,,,,,,,,,,285355,1477210,,,,,,,,,,,,,,,,,,,,,,,,,,,,
32638,,,,,,,,,,1449990,,,,,,,,,,,,,,,,,,,,,,,,,,,,,,,1805470,,,,,,,,,,,
32637,,,,,,,,281696,,,,,,,,,,,,,,,,,,,,,,,,,,,,,105326,,,,,,,,,,,,,,,
32635,,,,,,,,,,,,,,,1096820,544199,,,,,,,,,,,,,,,,,,,,,,,,,,,,,,,,,707112,,,
32634,,,,,,,,,,,,,,,,,,,,,,,,,,,,,,,,,,,,,,,,,,,,,,,,,,687554,,
32632,,,,,,,,,,,,,1090050,,,,,,,,,,,,,,,,,,,,,,,,,,,,,,,,,,,,,,,
32630,,,83288.3,,,,,,,,,,,,,,,,,,,,,,,,,866108,,,,,,,,,,,,,,,,,,,1002590,,,,,
32629,,,,,,,,,,,,,,,,,,,,,,,,,,,,,,,,,,,,,,,,,,,,,,780572,,,,,,
32628,,,,,,,,,,,,,,1144210,,,,,,,,,,,,,,,,,,,,,,,,,,,,,,,,,,,,,,
32627,,,,,,,,,,,,816937,,,,,,,,,,,,,,,,,,,,,,,,,,,568303,,,,,,,,,,,,,
32625,,,,,,,,,,,,,,,,,,,,,,,,,,,,,,,,,,,,,,,,,,,,,902716,,,,,,,
32624,,,,,,,,,,,,,,,,,,,,,70211.4,,,,,,,,1104570,,,,,,,,,,,,,,,,,,,,,,,
32623,,,,,,,,,,,,,,,,,,,,,,,,,1130730,1854880,,,,,,,,,,,,,,,,,,,,,,,,,,
32622,,,,,,,252045,,1042220,1490610,,,,,,,,,,,,,,1296430,,,,,,,,,,,,,,,,,,,,,,,,,,,,
32621,,,,,,,,328481,,,916929,,,,,,,,,,,,,,,,966256,,,,,,,,,,,195730,,,,,,,,,,,,,,
32619,,,,,,,,,,,,,,,,,,,,,,,,,,,,,,,,,,,,11690.7,,,,,,,,,,,,,,,,
32612,,,,,,,,,,,,,,,,,,,,,,,,,,,,,,,,,,,,,,,,,,,,,,,,,1257640,815406,,
32611,,,,,,,,,,,,,,,,,,,,,,,,,,,,,,,1809050,,,,,,,,,,,,,,,,,,,,,
32610,,,,,,,,,,,,,,,1350320,,,,,,,,,,,,,,,,,914148,,,,,,,,,,,,,,,,,,,,
32609,,,,,,,,,,,,,,,,,,,,,,,,,,,,,,,,,,,,,,,,,,,,,,,,1700900,,,,
32608,,,,,,,,,,,,,,1609470,,,,,,,,,,,,1409680,,,,,,,,,,,,,,,,,,806630,,,,,,,,
32607,,,,,,,,,,,,,,,,,,,,,,,,,,,,1396760,1157250,,,,,,,,,,473411,,,,,,1344630,,,,,,,
32606,,,,,,232550,,,,,,,1587070,,,,,,,,,,,,,,,,,,,,,,,,,,,,,,,,,1035830,1195220,,,,,
32605,,,,,,,,,,,,1159530,,,,,,,,,,,,,,,,,,,,,,,,,,,,,1172590,,722569,,,,,,,,,
32604,,,,,,,261987,,,,,,,,,,,,,,,,,,,,,,,861018,,,,,,,,,,,,,,,,,,,,,,
32603,,,37265.9,,,,,,,,,,,,,,,,,,,,,,,,,,,,,,,,,,,,,,,,,,,,,,,,,
32602,,,,,,,,501069,,,,,,,,,,,,,,,,,,,,,,,,,,,,,,,,,,,,,,,,,,,,
32601,,,,,,,,,,,,,,,,,,,,,,150355,,,,,,,,,,,,,,,,,,,,,,,,,,,,,,
32600,,,,,,,,,,1449720,,,,,,,,,,,,,,,,,,,,,,,,,,,,,,,,,,,,,,,,,,
32599,,,,,,,,,,,,,,,,,,,,,,,,,,,,,,,,,,,,8791.57,,,,,,,,,,,,,,,,
32598,,,,,,,,,,,,,,,,,,,,,,,,1357170,,,,,,,,,,,,,,,,,,,,,,,,,,,,
32594,,,,,,,,,,,,,,,,,,,8956.51,,,,,,1288820,,,,,,,,,,,,,,,,,,,,,,,,,,,
32592,,,,,,,,,,,,,1301450,,,,,,,,,,,,,,,,,,,,,,,,,,,,,,,,,,,,,,,
32591,,,,,,,,,,,,,,,,,,,,,,,,,,,,,,,,,,,,,,,,,,,,,,968595,,,,,,
32589,,,,,,,,,,,,,,,,,,,,,,,,,,,,,,,,,,,,,,,,,,,,,1312160,,,,,,,
32588,,,,,,,,,,,,890622,,,,,,,,,,,,,,,,,,,,,,,,,,,,,,,,,,,,,,,,
32587,,,,,,,,,,,1291380,,,1462810,1038650,,,,,,,,,,,,,,1244050,,,,,,,,,,,,,,,,,,,,,,,
32586,,,,,,,,,,,,,,,,,,,,,,,,,,,,,,1560940,,,,,,,,,,,,,,,,,,,,,,
32585,,,,,,,,,,,,,,,,,,,,,,,,,,,,,,,,,,,,,,,,,,,,,,,1098330,,,,,
32584,,,,,,,,,1210140,,,,,,,,,,,,,,,,,,,,,,,,,,,,,,,,,,,712999,,,,,,,,
32583,,,,,,,,,,,,,,,,,,,,,,,,,,,,,,,,,,,,,,,,,887066,,1071440,,,,,,,,,
32582,,,,,,,,457359,,,,,,,,,,,,,,,,1478860,,,,,,,,,,,,,,,,,,,,,,,,,,626246,,
32581,,,,,,,,,,1131930,,,,,,,,,,,,,,,,1270180,,,,,,,,,,,,,,,,732615,,,,,,,,,,
32580,,,,79254.5,,,,,,,,,,,,,,,,,,334736,,,1626060,,,,,,,616324,,,,,,,,,,,,,,,,,,,,
32579,,,,,,,,,,,,,,,,,,,,,,,,,,,,,,,1144100,,,,,,,,,,,,,,,,,,,,,
32578,,,,,,,,,,,,,,,,,,,,,72491.1,,,,,,,,,,,,,,,,58437.7,,,,,,,,,,,,1007760,,,
32566,,,,,,,,,,,,,,,,,,,,,,,,,,,,1475580,,,,,,,,,,,,,,,,,,,,,,,,
32565,,,,,,,,,,,,1074280,,,,,,,,,,,,,,,,,,,,,,,,,,,,,,,,,,,,,,,,
32564,,,,,,,,,,,,,2264060,1655590,1471710,,,,,,,,,,,,,,1612510,2035710,,,,,,,,,,,858654,,948045,,1721710,,,1260320,,,,
32563,,,,,,,,,,,1252290,,,,,,,,,,,,,,,,806303,,,,,,,,,,,,,,,990392,,1193620,,,1724390,,,,,
32562,,,,,,,,,,,,,,,,,,,,,,,,981255,,1731830,,,,,,,,,,,,164172,,,,,,,,,,,,,,
32561,,,,,,,444677,,697401,,,,,,,,,,,,,,,,1661760,,,,,,,,,,,,55688,,,,,,,,,,,,,,,
32560,,,28790.1,,176399,,,,,1084840,,,,,,,,,,,,,,,,,,,,,,,,,,,,,,,,,,,,,,,,,,
32559,,,,60012.6,,,,,,,,,,,,,,,,,,,,,,,,,,,,,,,,,,,,,,,,,,,,,,,,
32554,,,,,,,,,,,,,,,,,,,7843.71,,,,,,,,,,,,,,,,,,,,,,,,,,,,,,,,,
32550,,,,,,,,,,,,,,,,,,,,,,,,,,,,,,,,,,,,,,,398502,,,,,,,,,,,,,
32549,,,,,,,,,,,,,,2042090,,,,,,,,,,,,,,,,,,,,,,,,,,,,,,,,,,,,808087,,
32548,,,,,,,,,,,,,2677190,,,,,,,,,,,,,,,,1729170,1918960,,569508,,,,,,,,,,,,,,2598570,,1017290,,,,
32547,,,,,,,,,,,,1179480,,,1611370,,,,,,,,,,,,,1332000,,,1942150,,,,,,,,,,,,,1682900,1806430,,1550360,,1679780,,,
32545,,,,,,,,,,,1231600,,,,,624979,,,,,,,,,,,,,,,,,,,,,,,,,1639890,,,,,,,,,,,
32544,,,,,,,,,,,,,,,,,,,,,,,,,,1562640,,,,,,,,,,,,,,2066310,,,,,,,,,,,,
32543,,,,,,,,,,,,,,,,,,,,,,,,,,,,,,,,,,,,,,,,,,,873555,,,,,,,,,
32542,,,,,,,,,,,,,,,,,,,,,,,,1636030,,,,,,,,,,,,,,,,,,,,,,,,,,,,
32539,,,,,,,,422444,,,,,,,,,,,,,,,,,1864060,,,,,,,,,,,,,,,,,,,,,,,,,,,
32538,,,,,,,,,,,,,,,,,,,,19881.7,,,,,,,,,,,,,,,,,,,,,,,,,,,,,,,,
32537,,,,,,,,,1099840,,,,,,,,,,,,,,,,,,,,,,,,,,,,,,,,,,,,,,,,,,,
32536,,,,,,,,,,1220380,,,,,,,,,,,,,,,,,,,,,,,,,,,,176462,,,,,,,,,,,,,,
32533,,,39203,,,,,,,,,,,,,,,,,,,,,,,,,,,,,,,,,,,,,,,,,,,,,,,,,
32530,,,,,,,,,,,1510720,,,,,,,,,,,,,,,,,,,,,,,,,,,,,,,,,,,,,,,,,
32529,,,,,,,,,,,,,,,,,,,,,,,,,,,,,,,1411360,,,,,,,,,,,,,,,,,,,,,
32528,,,,,,,,,,,,,,,,947285,,,,,,,,,,,,,,,,,,,,,,,,,,,,,,,,,1227020,,,
32527,,,,,,,,,,,,,,1163170,,,,,,,,,,,,,1301290,,,,,,,,,,,,,,,,,,,,,,,,,
32526,,,,,,,,,,,,,,,,,,,,,,,,,,,,,1244400,,,,,,,,,,,,,,1252640,1348460,,1296710,,,,,,
32525,,,,,,,,,,,,,,,,,,,,,,,,,,,,1395730,,,,,,,,,,,,,,,,,,,,,,,,
32524,,,,,122138,,,,,,,,,,1383610,,,,,,,,,,,,,,,,,,,,,,,,,,,,,,,,,,,,,
32523,,,,,,,,,,,,,1158330,,,,,,,,,,,,,,,,,,,752424,,,,,,,,,,715284,,,,,,1536320,,,,
32522,,,,,,,,,,,,1500760,,,,,,,,,,,,,,2011600,,,,,,,,,,,,,,,,,,,,,1280340,,,,,
32521,,,,,,,,,,,,,,,,,,,,,,,,,,,,,,1126390,,,,,,,,,,,,,,,,,,,,,,
32520,,,,,,,,,,,,,,,,,,,,,,280598,,,2368690,,,,,,,,,,,11849.9,64619.3,,,,,,,,,,,,,,,
32519,,,,,,,,588602,,1169100,,,,,,,,,,,,,,1288430,,,,,,,,,,,,,,,302277,,,,,,,,,,,,,
32518,,,58171.2,,,,,,1626100,,,,,,,,,,,,,,,,,,,,,,,,,,,,,235560,,,1865480,,,,,,,,,,,
32517,,,,140863,,,,,,,,,,,,,,,,,,,,,,,,,,,,,,,,,,,,1557750,,,,,,,,,,,,
32516,,8287.79,,,,,,,,,,,,,,,,,,,,,,,,,,,,,,,,,,,,,,,,,,,,,,,,,,
32513,,,,,,,,,,,,,,,,,,,23781.8,,97512.4,,,,,,,,,,,,,,,,,,,,,,,,,,,,,,,
32507,,,,,150552,,,,,,,,,,,,,,,,,,,,,,,,,,,739223,,,,,,,,,,,,,,,,,,865232,,
32506,,,,,,166665,,,,,,,,,,,,,,,,,,,,,,,,2050130,1539890,,,,,,,,,,,,,,1525980,2282400,1933330,1984110,,,,
32505,,,,,,,,,,,,,1746060,2066560,1911460,,,,,,,,,,,,,,1846150,,,,,,,,,,,,,,,1507860,,,,,1694630,,,
32504,,,,,,,,,,,,1458590,,,,,,,,,,,,,,,,1285430,,,,,,,,,,,,,,1187920,1770810,,,,,,,,,
32502,,,,,,,,,,1348680,,,,,,,,,,,,,,,2325770,,,,,,,,,,,,,,,,,,,,,,,,,,,
32501,,,,,,,,,,,,,,,,,,,,,,,,1680330,,,1255360,,,,,,,,,,,,,,,,,,,,,,,,,
32500,,,,,,,,,,,,,,,,,,,,,,,,,,1895150,,,,,,,,,,,,,,,1592960,,,,,,,,,,,
32499,,,,,,,,,,,,,,,,,,,,,,,,,,,,,,,,,,,,,,206171,,1189540,,,,,,,,,,,,
32498,,,,,,,,,,,,,,,,,,,,,,,,,,,,,,,,,,,,16729.9,,,,,,,,,,,,,,,,
32497,,,,,,,,,,,,,,,,,,,,,,231717,,,,,,,,,,,,,,,,,,,,,,,,,,,,,,
32496,,,,,,,,,,,,,,,,,,,13686,,,,,,,,,,,,,,,,,,,,,,,,,,,,,,,,,
32495,,,,,,,,,1422450,,,,,,,,,,,,,,,,,,,,,,,,,,,,,,,,,,,,,,,,,,,
32494,,,,,,,,,,,,,,,,,,,,,,,,,,,,,,,,,,,,,,,547777,,,,,,,,,,,,,
32490,,,,,,,,,,,,,,,,,,,,,,,,,,,,,,,,,,,,,,,,,,,,,,,,,,908468,,
32489,,,,122178,,,,,,,,,,,,,,,,,,,,,,,,,,,,,,,,,,,,,,,,,,,,,,,,
32488,,,,,,,,,,,,,,1344710,,,,,,,,,,,,,,,,,,,,,,,,,,,,,,,,,1100950,,,,,
32487,,,62758.3,,,216722,,,,,,,,,,,,,,,,,,,,,,,1178210,,,,,,,,,,,,,,,,,,,,,,,
32486,,4682.28,,,,,,,,,,,1746890,,,,,,,,,,,,,,,,,,,,,,,,,,,,,,1401150,,935020,,,,,,,
32485,,,,,,,,,,,1394260,,,,,,,,,,,,,,,2223320,,,,,,,,,,,,,,,,,,,,,,1350790,,,,
32484,,,,,,,,,,,,,,,,,,,,,,,,,,,,,,,1028490,,,,,,,,,,,,,1343590,,,,,,,,
32483,,,,,,,,,,,,,,,,,,,,,,,,,,,,1235340,,,,,,,,,,,,,,1924380,,,,,,,,,,
32482,,,,,,,,,,,,,,,,,,,,,,,,,,,1428470,,,,,,,,,,,,,,,,,,,,,,,,,
32480,,,,,,,,,,,,,,,,,,,,,,,641919,,2231390,,,,,,,,,,,,,,,,,,,,,,,,,,,
32479,,,,,,,,,,1370940,,1238310,,,,,,,,,,,,,,,,,,1046140,,,,,,,,,,,,,,,,,,,,,,
32478,,,,,,,,,1145950,,,,,,,,,,,,,,,2071730,,,,,,,,,,,,,,262294,,,,,,,,,,,,,,
32477,,,,,,,,,,,,,,,,,,,,,,286263,,,,,,,,,,,,,,,,,,,,,,,,,,,,,,
32476,,,,,,,,,,,,,,,1232590,,,,,,,,,,,,,,,,,,,,,,,,,,1697060,,,,,,,,,,,
32475,,,,,,,,,,,,,,,,,,,,,,,,,,,,,,,,984316,,,,,,,,,,,,,,,,,,,,
32474,,,,,,,,,,,,,,,,,,,10879.9,,,,,,,,,,,,,,,,,,,,,,,,,,,,,,,,,
32473,,,,,,,,,,,,,,,,739823,,,,,,,,,,,,,,,,,,,,,,,,,,,,,,,,,,,,
32472,,,,148597,,,,,,,,,,,,,,,,,,,,,,,,,,,,,,,,,,,,,,,,,,,,,,,,
32466,,,,,,,,,,,,,,,,,,,,,,,,,,,,,,,1066490,,,,,,,,,,,,,,,1754650,,,,,,
32464,,,,,,,,,,,,,,,,,,,,,,,,,,,,,,,,,,,,,,,,,,,,,,,,1341010,,,,
32463,,,,,,,,,,,,,,,,,,,,,,,,,,,,,,2188870,,,,,,,,,,,,,,,,,,,,,,
32462,,,,,,,,,,,,,,1865850,,,,,,,,,,,,,,1758620,1524460,,,,,,,30808.7,,,,,,,,,,,1126780,,1129520,,,
32461,,,,,242168,,,,,,,,,,,,,,,,,,,,,,,,,,,,,,,,,,,,,,,1595690,1228310,,,,,,,
32460,,,,,,,,,,,2365800,1718330,2016280,,,,,,,,,,,,,,,,,,,,,,,,,,,,2170060,2293100,1864060,,,,,,,,,
32459,,,,,,,,662429,1489290,2213120,,,,,,,,,,,,,,,2128130,2096070,1377480,,,,,,,,,,,,,,,,,,,,,,,,,
32458,,,,,,315391,636252,,,,,,,,,,,,,,,,,1760430,,,,,,,,,,,,,,,547058,,,,,,,,,,,,,
32457,,,68635.3,,,,,,,,,,,,,,,,11484.1,,77077.2,299957,,,,,,,,,,,,,,,,,,,,,,,,,,,,,,
32455,,,,,,,,,,,,,,,,,,,,,,,663750,,,,,,,,,,,,,,,,,,,,,,,,,,,,,
32452,,,,142242,,,,,,,,,,,,,,,,,,,,,,,,,,,,,,,,,,,,1453520,,,,,,,,,,,,
32451,,,,,,,,,,,,,,,,,,,,,,,,,,,,,,,,,,,,,,204518,,,,,,,,,,,,,,
32449,,,,,,,,,,,,,,,,,,,,,,,,,,,,,,,,,,,,,,,,,,,,,,,,,,750333,,
32445,,,,,,,,,,,,,,,,,,,,,,,,,,,,,,,,,,,,,,,,,,2071010,,,,,1012310,,,,,
32444,,,,,,,,,,,,,,,,,,,,,,,,,,1959800,,,,,,,,,,,,,,,,,,1310530,,,,1190520,,,,
32443,,,,,,,,,,,,,,,,,,,,,,,,,,,1786760,,,,,,,,,,,,,,2245600,,1543310,,,1404730,,,,,,
32442,,,,,,,,,,,,1767160,,1603880,,,,,,,,,,,,,,,1852220,,,,,,,,,,,,,,,,,,,,,,,
32441,,,,,,,,,,,,,,,,,,,,25717.7,,,,,,,,1582480,,,,,,,,,,,843154,,,,,,,,,,,,,
32440,,,,,,329859,,,,,2052650,,,,,,,,,,,,,,,,,,,,,,,,,,,,,,,,,,,,,,,,,
32439,,,,,,,,,,,,,,,,,,,15003.5,,92644.2,,,,,,,,,,,,,,,,,,,,,,,,,,,,,,,
32438,,,,,,,,,,,,,1581050,,,,,,,,,,,,2028440,,,,,,,,,,,17973.3,,,,,,,,,1185870,,,,,,,
32436,,,,,211174,,,,,,,,,,,,,,,,,,,,,,,,,,954797,,,,,,,,,,,,,,,,,,,,,
32433,,,,,,,,,,,,,,,1463960,,,,,,,,,,,,,,,,,,,,,,,,,,,,,,,,,,,,,
32432,,,,,,,,,,,,,,,,,,,,,,,,,,,,,,,,,,,,,79015,,,,,,,,,,,,,884554,,
32431,,,,,,,,,,,,,,,,,,,,,,,,,,,,,,,,1102980,,,,,,,,,,,,,,,,,1316800,,,
32429,,,,,,,,,,,,,,,,,,,,,,,861885,,,,,,,,,,,,,,,,,,,,,,,,,,,,,
32427,,,,,,,,,,,,,,,,,,,,,,,,,,,,,,1815220,,,,,,,,,,,,,,,,,,,,,,
32425,,,90722,,,,,,,,,,,,,,,,,,,,,,,,,,,,,,,,,,,,,,,,,,,,,,,,,
32423,,,,,,,,793191,,,,,,,,,,,,,,,,,,,,,,,,,,,,,,,,,,,,,,,,,,,,
32422,,,,,,,,,,,,,,,,,,,,,,,,,,,,,,,,,,,,,,,785818,,,,,,,,1733880,,,,,
32421,,,,,,,,,2761610,,,,,,,,,,,,81004.4,,,,,,,,,,,,,,,,,,,2829630,3202140,,,,,,,,,,,
32420,,,,,320886,,,,,2412200,,,,,,,,,,,,403270,,2799510,3349330,2891770,,,,,,,,,,,,,,,,,1739710,,,1992000,,,,,,
32419,,,,193700,,308483,488183,,,,2178730,1974090,1944110,,,,,,,,,,,,,,,2023010,,,,,,,,,,,,,,2332370,,,,,,,,,,
32418,,,,,,,,,,,,,,1982070,,,,,,,,,,,,,,,1917630,,,,,,,,,377966,,,,,,,2379590,,,1218300,,,,
32417,,,,,,,,,,,,,,,,,,,,,,,,,,,,,,,,,,,,,84739.7,,,,,,,,,,,,,673718,,
32416,,,,,,,,,,,,,,,,,,,,,,,,,,,,,,,,,,,,24500.7,,,,,,,,,,,,,,,,
32411,,,,,,,,,,,,,,,,,,,13158.6,,,,,,,,,,,,,,,,,,,,,,,,,,,,,,,,,
32408,,,,,,,,,,,,,,,,,,,,31630.3,,,,,,,,,,,,,,,,,,,,,,,,,,,,,,,,
32404,,,,,,,,,,,,,,,,,,,,,,,,,,2245470,,,,,,,,,,,,,,,,,,,,,,,,,,
32403,,,,,255663,,,,,,,,2710560,,,,,,,,,,,,,,2337050,,,1732210,,,,,,,,254226,,,,2552060,2343680,,,,1696170,1172500,,,,
32402,,,,,,,,,,,,,,,,,,,,,,,,,,,,2281800,,,,,,,,,,,,,,,,2195970,,1816080,,,1026510,,,
32401,,,,149873,,387820,,,,,2324130,2249580,,1884180,1173100,,,,,,,,,,,,,,,,,,,,,,,,,,,,,,,,,,,,,
32400,,,,,,,,,,,,,,,,,,,,,,,,,2208310,,,,1470210,,,,,,,,,,,,,,,,,,,,,,,
32398,,,,,,,,773899,,1715960,,,,,,,,,,,,,,1984650,,,,,,,,,,,,,,,,,2804160,,,,,,,,,,,
32395,,,,,,,,,,,,,,,,,,,,,,,,,,,,,,,,,,,,,,,656803,,,,,,,,,,,,,
32394,,,,,,,,,,,,,,,,,,,,,104174,,,,,,,,,,,,,,,,,,,,,,,,,,,,,,,
32393,,,,,,,504793,,,,,,,,,,,,,,,,,,,,,,,,,,,,,,,,,,,,,,,,,,,,,
32389,,,,,,,,,,,,,,,,,,,,46867.5,,,,,,,,,,,,,,,,,,,,,,,,,,,,,,,,
32388,,,,,,,,,,,,,,,,,,,,,,,,,,,,,,,,,,,,,70244,,,,,,,,,,,,,,,
32387,,,,,,,,,,,,,,,,,,,,,,,,,,,,,,,1917360,,522872,,,,,,,,,,,,,,,,,946612,,
32386,,,,,,,,,,,,,,,,,,,16846.4,,,,,,,,,,,,,707400,,,,,,,,,,,,,,2160310,,,1758460,,,
32385,,,,,,,,,,,,,,2108730,1641640,583963,,,,,,,,,,,,,,2337820,,,,,,,,,,,,,,,,,2378160,1612430,,,,
32382,,,,,,,,,,,,,,,,,,,,,,,,,,,,,1870000,,,,,,,,,,,,,,,,1686710,,,,,,,
32381,,,,,170195,,,,,,,,,,,,,,,,,,,,3533050,,,,,,,,,,,,,303755,,,,,,,,,,,,,,
32380,,,,,,,,,,,,,,,,,,,,,,425070,,,,,,,,,,,,,,,,,,,,,,,,,,,,,,
32379,,,,,,,,,,2990220,,,,,,,,,,,,,,,,2111790,,,,,,,,,,,,,,,3381010,,,,,,,,,,,
32378,,,,247201,,,,,,,,,2122400,,,,,,,,,,,,,,,,,,,,,,,,,,,2890020,,,1524330,,,,,,,,,
32377,,,,,,,,,,,2094030,,,,,,,,,,,,,3071760,,,,,,,,,,,,,,,,,,2279850,,,,,,,,,,
32376,,,,,,462271,714661,,2432000,,,,,,,,,,,,,,,,,,,,,,,,,,,,,,,,,,,1675930,,,,,,,,
32375,,,,,,,,,,,,2122590,,,,,,,,,,,,,,,1425940,,,,,,,,,,,,,,,,,,,,,,,,,
32374,,,56034.5,,,,,,,,,,,,,,,,,,,,,,,,,,,,,,,,,,,,,,,,,,,,,,,,,
32373,,,,,,,,,,,,,,,,,,,,,118287,,,,,,,,,,,,,,,,58887.1,,,,,,,,,,,,,,,
32372,,,,,,,,,,,,,,,,,,,,40009.6,,,,,,,,,,,,,,,,,,,,,,,,,,,,,,,,
32371,,,,,,,,,,,,,,,,,,,,,,,,,,,,,,,,,,,,,,,748626,,,,,,,,,,,,,
32370,,,,,,,,,,,,,,,,,,,,,,,,,,,,,,,,,,,,,,,,,,,,,,,,,,923057,,
32368,,,,,,,,,,,,,,,,,,,,,,,,,,,,,,,,,,,,14528.8,,,,,,,,,,,,,,,,
32365,,,,,,,,,,,,,,,,,,,,,,,,,,,,,,,,,,,,,,,,,,,,,,,1312970,1493950,,,,
32364,,,,,,,,,,,,,,,,,,,,,,,,,,,,,,2239540,,,,,,,,,,,,,,,,,,,,,,
32363,,,,,,,,,,,,,,,,,,,,,,,,,,,,,,,,,,,,,,,,,,,,,,,,,1291150,,,
32362,,,,,,,,,,,,,3000400,,2272800,,,,,,,,,,,,,,2981300,,,,,,,,,,,,,,,,,1855680,,,,,,
32360,,,,,,,,,,,,,,,,,,,,,,,,,,,,2540640,,,,,,,,,,,,,,,1965930,,2573320,,,,,,,
32359,,,,,,361852,,993082,,,,2625250,,1821790,,,,,,,,,,,,2726580,2146510,,,,,,,,,,,,,,,2842850,,2556630,,,,,,,,
32358,,,,,,,,,,,2558950,,,,,,,,,,,,855641,,,,,,,,,,,,,,,,,1982930,2809720,,,,,,,,,,,
32357,,,,,,,,,2162530,,,,,,,,,,,,,,,,2238650,,,,,,,,,,,,,,,,,,,,,,,,,,,
32356,,,,,305167,,,,,2515790,,,,,,,,,,,,,,2533780,,,,,,,,,,,,,,,,,,,,,,,,,,,,
32355,,,,,,,614334,,,,,,,,,,,,,,,,,,,,,,,,,,,,,,,,,,,,,,,,,,,,,
32354,,,79188.6,194203,,,,,,,,,,,,,,,,,,,,,,,,,,,,,,,,,,,,,,,,,,,,,,,,
32353,,11557.4,,,,,,,,,,,,,,,,,,,,,,,,,,,,,,,,,,21673.7,59276.3,,,,,,,,,,,,,,,
32351,,,,,,,,,,,,,,,,,,,,,110153,,,,,,,,,,,,,,,,,,,,,,,,,,,,,,,
32348,,,,,,,,,,,,,,,,,,,12105,,,,,,,,,,,,,,,,,,,,,,,,,,,,,,,,,
32346,,,,,,,,,,,,,,,,,,,,,,,,,,,,,,,,,,,,,,,,,,,,,,,,,1377880,,,
32345,,,,,,,,,,,,,,,,,,,,,,,,,,,,,,,,1310160,,,,,,,,,,,,,,,,,,,,
32344,,,,,,,,,,,,,,1529670,2138490,545515,,,,,,,,,,,,,,2644230,2234610,,,,,,,,,,,,,,,1851620,1726560,2140000,,,,
32342,,,,,,,,,,,,,1615800,,,,,,,,,653007,,,,,,,,,,,,,,,,,,,,,,,,,,,,,,
32341,,,,,,,,,,,2115740,,,,,,,,,,,,,,,,,,1674100,,,,,,,,,,,,3129500,2103870,,,,,,,,,,
32340,,,,,,,,,,,,,,,,,,,,,,,,,,,,,,,,,,,,,,,,,,,1758640,,,,,,,,,
32339,,,,237398,390099,,,,,,,1822390,,,,,,,,,,,,,,,,,,,,,,,,,,,,,,,,,,,,,,,,
32338,,,,,,,,,,2474480,,,,,,,,,,,,,691069,,,2409820,,,,,,,,,,,,,,,,,,,,,,,,,,
32337,,,,,,411404,,,,,,,,,,,,,,,,,,2646950,,,1881410,1547860,,,,,,,,,,,,,,,,,,,,,,,,
32336,,,,,,,,,,,,,,,,,,,,,,,,,,,,,,,,,,,,,,335337,,,,,,,,,,,,,,
32335,,,,,,,,,2056000,,,,,,,,,,,,,,,,,,,,,,,,,,,,,,,,,,,,,,,,,,,
32334,,,,,,,,,,,,,,,,,,,,,,,,,2311620,,,,,,,,,,,,,,,2020380,,,,,,,,,,,,
32332,,,97457.7,,,,,,,,,,,,,,,,,,91080.9,,,,,,,,,,,,,,,,73461.1,,734944,,,,,,,,,,,,,
32331,,,,,,,629237,1074480,,,,,,,,,,,,,,,,,,,,,,,,,,,,,,,,,,,,,,,,,,,,
32329,,,,,,,,,,,,,,,,,,,,,,,,,,,,,,,,,,,,21828.9,,,,,,,,,,,,,,,,
32328,,,,,,,,,,,,,,,,588469,,,,,,,,,,,,,,,,,,,,,,,,,,,,,,,,,,1745770,,
32327,,,,,,,,,,,,,,,,,,,,,,,,,,,,,,,1463960,1528440,602011,,,,,,,,,,,,,,,1883670,,,,
32326,,,,,,,,,,,,,,,2026090,,,,,45579.8,,,,,,,,,,,,,,,,,,,,,,,,,,,,,1500690,,,
32320,,,,,,,,,,,,,,,,,,,,,,,,,,,,,,,,,,,,,,,,,,,,1586910,,,,,,,,
32319,,,,,,,,,,,,,,,,,,,,,,,,,,,,,,,,,,,,,,,,,,,,,2301420,,,,,,,
32317,,,,,,,,,,,,2377730,2819810,,,,,,,,101393,,,,,,,,,,,,,,,,,,,,,,,,,,1429410,,,,,
32316,,,,,,,919513,,,,,,,,,,,,,,,,,,,,2724530,2076710,1544030,1811800,,,,,,,,325432,,,,,,,,,,,,,,
32315,,,,,,363710,,1127150,3014980,2723880,,,,1472120,,,,,,,,417191,703601,2894740,,,,,,,,,,,,,,,,,,,,,,,,,,,,
32314,,,,240075,,,,,,,2429210,,,,,,,,23791.1,,,,,,,3030880,,,,,,,,,,,,,920808,1876520,,3344660,2148490,,,,,,,,,
32313,,,,,,,,,,,,,,,,,,,,,,,,,,,,,,,,,,,,,,,,,2396500,,,,,,,,,,,
32311,,,93526.3,,,,,,,,,,,,,,,,,,,,,,,,,,,,,,,,,,,,,,,,,,,,,,,,,
32309,,,,,,,,,,,,,,,,,,,,,,,,,,,,,,,,,,,,,99378.4,,,,,,,,,,,,,,,
32306,,,,,,,,,,,,,,,1086750,,,,,,,,,,,,,,,,,,,,,,,,,,,,,,,,,,,,,
32304,,,,,,,,,,,,,,,,,,,,,,,,,,,,,,,,,,,,,,,,,,,,,,,,,,1025300,,
32303,,,,,,,,,,,,,,,,,,,,,,,,,,,,,,,,713194,597501,,,,,,,,,,,,,,,,,,,
32302,,,,,,,,,,,,,,,,,,,,,,,,,,,,,,,,,,,,,,,,,,,,,,,,1641940,,,,
32300,,,,,,,,,,,,,,1511290,,,,,,,,,,,,,,,,,,,,,,,,,,,,,,,,,,,,,,
32299,,,,,,,,,,,,,,,,,,,,,,,,,,,,,,,,,,,,,,,,,,,,1479810,,,,,,,,
32298,,,,,276984,,,,,,2824080,2210970,,,,,,,,,,,,,3136570,3549370,2480790,1508750,,,,,,,,,,,,,,,2350300,,1343250,,,,,,,
32297,,,,,,,,,,,,,,,,,,,,,,,,,,,,,,,,,,,,,,389880,,,,,,,,,,,,,,
32296,,,,,,,,,,2714770,,,,,,,,,,,,,,,,,,,,,,,,,,,,,,,3397370,,,,,1151290,,,,,,
32294,,,,,,,,,,,,,,,,,,,,,,,,2270710,,,,,,,,,,,,,,,,2482190,,,,,,,,,,,,
32293,,,,,,,,,2326570,,,,,,,,,,,,,,,,,,,,,,,,,,,27586.2,,,,,,,,,,,,,,,,
32292,,,,,,,,,,,,,,,,,,,,,71002.8,,,,,,,,,,,,,,,,112534,,,,,,,,,,,,,,,
32291,,,59238.5,,,,,870811,,,,,,,,,,,,,,,,,,,,,,,,,,,,,,,,,,,,,,,,,,,,
32289,,,,,,,,,,,,,,,,,,,,24696.1,,,,,,,,,,,,,,,,,,,,,,,,,,,,,,,,
32288,,,,,,,,,,,,,,,,,,,,,,,,,,,,,,,,1311010,,,,,,,,,,,,,,,,,,,,
32286,,,,,,,,,,,,,,,,574895,,,,,,,,,,,,,,,,,,,,,,,,,,,,,,,,1410700,2189560,1522170,,
32285,,,,,,,,,,,,,2369720,,1680120,,,,,,,,,,,,,,,,2018550,,,,,,,,,,,,,,,,,,,,,
32284,,,,,,,,,,,,,,,,,,,,,,,1304580,,,,,,,1462670,,,,,,,,,,,,,,,,,,,,,,
32283,,,,,,,,,,,,,,,,,,,9460.21,,,,,,,,,,,,,,,,,,,,,,,,,,,,1429100,,,,,
32282,,,,,,,,,,,,,,1697120,,,,,,,,,,,,,,,,,,,,,,,,,,,,,,,,,,,,,,
32280,,,,,,527333,,,,,,,,,,,,,,,,,,,,,,,,,,,,,,,,,,,,,,,,,,,,,,
32279,,,,,,,,,,,,2132990,,,,,,,,,,,,,,,2220440,,,,,,,,,,,,,,,,,2013830,,,,,,,,
32274,,,,,,,,,2340730,,,,,,,,,,,,,,,2704170,,,,1647290,,,,,,,,,,,,,,,,,,,,,,,,
32273,,,,,,,,,,,2427490,,,,,,,,,,,,,,,2696770,,,,,,,,,,,,306046,,2826520,3265490,,1584220,,,,,,,,,
32272,,,,,,,,,,2191350,,,,,,,,,,,,,,,3240350,,,,,,,,,,,,,,576887,,,,,,,,,,,,,
32271,,,,182601,,,,1020440,,,,,,,,,,,,,111675,,,,,,,,,,,,,,,,,,,,,,,,,,,,,,,
32269,,,,,,,,,,,,,,,,,,,,,,,,,,,,,,,,,,,,,139781,,,,,,,,,,,,,,,
32268,,17522.5,,,,,521526,,,,,,,,,,,,,,,,,,,,,,,,,,,,,,,,,,,,,,,,,,,,,
32266,,,66622.2,,,,,,,,,,,,1257620,,,,,,,,,,,,,,,2192030,,,,,,,,,,,,,,,,,,,,,,
32264,,,,,,,,,,,,,,,,,,,,,,,,,,,,,,,,,,,,,,,,,,,,,,,2045660,1672080,,,,
32261,,,,,,,,,,,,,,2253900,,,,,,35982.9,,476945,,,,,,,,,1659210,,,,,,,,,,,,,,,1877070,,,,,,
32259,,,,,,,,,,,,,,,,,,,,,,,,,,,,,,,,,,,,,,,,,,,,,1837490,,,,,,,
32258,,,,,344078,,,,,,,,2311480,,,,,,,,,,,,,,,,,,,,,,,,,,,,,3769800,2495390,,,,,,,,,
32257,,,,,,,,,,,3052160,2997890,,,,,,,,,,,,,,3702850,,2148960,,,,,,,,,,,,,,,,1907090,,,,,,,,
32256,,,,,,,,,,,,,,,,,,,,,,,,,,,3045560,,1948940,,,,,,,,,,,,,,,,,,,,999456,,,
32255,,,,,,415141,,,,3443390,,,,,,,,,,,,,,,,,,,,,,,,,,,,,,,3499910,,,,,,,,,,,
32254,,,,,,,,,,,,,,,,,,,,,,,,,2864620,,,,,,,,,,,21855.9,,,902117,,,,,,,,,,,,,
32253,,,,,,,,,,,,,,,,,,,,,,,1156200,3348810,,,,,,,,,,,,,,,,2764720,,,,,,,,,,,,
32252,,,,257226,,,,,,,,,,,,,,,,,,,,,,,,,,,,,,,,,155679,571106,,,,,,,,,,,,,,
32250,,,77079.1,,,,,,,,,,,,,,,,,,,,,,,,,,,,,,,,,,,,,,,,,,,,,,,,,
32249,,20183.6,,,,,,,,,,,,,,,,,,,,,,,,,,,,,,,,,,,,,,,,,,,,,,,,,,
32246,,,,,,,,,,,,,,,,,,,,,,,,,,,,,,,,,,,,,,,,,,,,,,,,,,1091580,,
32245,,,,,,,,,,,,,,,,,,,,30472.6,,,,,,,,,,,,,,,,,,,,,,,,,,,,,,,,
32244,,,,,,,,,,,,,,,,,,,,,,,,,,,,,,,,895680,,,,,,,,,,,,,,,,,,,,
32241,,,,,,,,,,,,,,2283580,1368180,,,,,,,,,,,,,2330770,2432960,,,,,,,,,,,,,,,,,,,,,,,
32240,,,,,,,,,,,,,2377370,,,,,,,,,,,,,,,,,2745390,1564490,,,,,,,,,,,,2844950,,,2302330,,1948940,,,,
32239,,,,,,,,,,,,,,,,,,,,,181850,,,,,,,,,,,,,,,,,,,,,,,,1873210,,,,,,,
32238,,,,,,,,,,,,2618140,,,,,,,,,,,,,,,2150040,,,,,,,,,,,,,,,,,2149060,,,,,,,,
32237,,,,,,,,,,,2079880,,,,,,,,,,,,,,,,,,,,,,,,,,,,,,,,,,,,,,,,,
32235,,,,,,,,2248630,5399420,4393300,,,,,,,,,,,,,,7373040,,,,,,,,,,,,,,,,4709910,,2274000,,,,,,,,,,
32234,,,,369017,,,,,,,,,,,,,,,,,,,1257280,,,2409210,,,,,,,,,,,,,,,4595470,,,,,,,,,,,
32233,,,,,,,,,,,,,,,,,,,,,,,,,3912950,,,,,,,,,,,,,306538,878997,,,,,,,,,,,,,
32232,,,,,,,,,,,,,,,,,,,,,,642270,,,,,,,,,,,,,,,,,,,,,,,,,,,,,,
32230,,,,,,,,,,,,,,,,,,,,,,,,,,,,,,,,,,,,26911.7,,,,,,,,,,,,,,,,
32229,,,,,,,756989,,,,,,,,,,,,21961.7,,,,,,,,,,,,,,,,,,,,,,,,,,,,,,,,,
32228,,,102480,,,,,,,,,,,,,,,,,,,,,,,,,,,,,,,,,,,,,,,,,,,,,,,550035,,
32227,,17393.6,,,,,,,,,,,,,,,,,,30610,,,,,,,,,,,,,,,,,,,,,,,,,,,,,,,,
32225,,,,,,,,,,,,,,2656840,,,,,,,,,,,,,,,,,,,,,,,,,,,,,,,,,,,,,,
32224,,,,,,,,,,,,,,,1580450,,,,,,,,,,,,,,,,,,,,,,,,,,,,,,,,2595680,2113700,,,,
32223,,,,,,,,,,,,,,,,,,,,,,,,,,,,,,2740400,,,,,,,,,,,,,,,,,,,,,,
32221,,,,,,,,,,,,,,,,,,,,,,,,,,,,,,,,,,,,,,,,,,,,,,2901410,,,,,,
32220,,,,,,,,,,,,,,,,,,,,,,,,,,,,,,,1521540,,,,,,,,,,,,,,,,,,,,,
32218,,,,,,,,,,,,,,,,,,,,,,,,,,,,,2124510,,,,,,,,,,,,,,,,,,,,,,,
32217,,,,,,356571,,,,,,,2706710,,,,,,,,,,,,,,,,,,,,,,,,,,,,,,,,,,,,,,,
32216,,,,,,,,,,,,,,,,,,,,,,,,,,,,,,,,,,,,,,,,,,,3303410,,,,,,,,,
32215,,,,,,,,,,,3089670,3489510,,,,,,,,,,,,,,3898900,3023910,,,,,,,,,,,,,,,,,2362820,2213660,,,,,,,
32214,,,,,,,,,,,,,,,,,,,,,,,,,,,,2637000,,,,,,,,,,,,,,3871240,,,,,,,,,,
32213,,,,,,,,,,,,,,,,,,,,,,,,,2745320,,,,,,,,,,,,62651.1,,,,3011700,,,,,,,,,,,
32212,,,,252527,337293,,,,,,,,,,,,,,,,150132,,,,,,,,,,,,,,,,,257508,,,,,,,,,,,,,,
32211,,,,,,,,1913330,,2767930,,,,,,,,,,,,502186,,,,,,,,,,,,,,23104,,,,3098420,,,,,,,,,,,,
32210,,,67423.8,,,,,,,,,,,,,,,,30982.3,64026.3,,,1197330,3463610,,,,,,,,,,,,,,,,,,,,,,,,,,,,
32209,,,,,,,,,,,,,,,,,,,,,,,,,,,,,,,,,,,,,,,1123360,,,,,,,,,,,,,
32208,,18395.2,,,,,,,,,,,,,,,,,,,,,,,,,,,,,,,,,,,,,,,,,,,,,,,,,,
32200,,,,,,,,,,,,,,2370150,,,,,,,,,,,,,,,,,,,,,,,,,,,,,,,2716960,,,,,,,
32199,,,,,,,,,,,,,2551740,,1675780,,,,,,,,,,,,,,,,,,,,,,,,,,,,,2225800,,2864340,,,,,,
32198,,,,,,,,,,,,,,,,,,,,,,,,,,,,2243650,2679570,2857610,2151650,1197340,,,,,,,,,,,,,,,2800870,2033180,1816350,,,
32196,,,,,,,979290,,,,,,,,,,,,,,,,,,,2842380,,,,,,,,,,,,,,,,2667910,,,,,,,,1126370,,
32195,,,,274002,,,,,,,,,,,,,,,,,,501324,,,,,,,,,,,,,,,,,,,,,,,,,,,,,,
32194,,,,,,,,2239320,4985630,4112730,2246890,,,,,,,,,,,,1150240,5309210,3723080,,,,,,,,,,,,,,,,5087320,,1619470,,,,,,,,,
32193,,,,,,,,,,,,1830070,,,,,,,,,,,,,,,2321770,,,,,,,,,,,,,5028360,,,,,,,,,,,,
32192,,,,,396625,,,,,,,,,,,,,,22380.8,,,,,,,,,,,,,,,,,,,,,,,,,,,,,,,,,
32190,,,,,,,,,,,,,,,,,,,,,,,,,,,,,,,,,,,,,,303298,,,,,,,,,,,,,,
32188,,,,,,,,,,,,,,,,,,,,,102140,,,,,,,,,,,,,,,,,,,,,,,,,,,,,,,
32183,,,,,,,,,,,,,,2708380,,,,,,,,,,,,,,,,,,,,,,,,,,,,,,,,,,,,,,
32182,,,,,,,,,,,,,1863990,,2979240,,,,,,,,,,,,,,,3455220,,,,,,,,,,,,,,,,2745140,,3098950,2251240,1070340,,
32181,,,,,,350499,,,,,,,,,,,,,,,,,,,,,,,2135770,,2612490,1841070,,,,,,,,,,,,,,,3115080,,,,,
32180,,,,,,,,,,,,,,,,,,,,,,,,,,,,,,,,,,,,,,,,,,,,,1632150,,,,,,,
32177,,,,,,,,,,,,,,,,,,,,,,,,,,,,,,,,,,,,68594.5,,,,,,,,,,,,,,,,
32175,,22949,,,,,,,,,,,,,,,,,42960.5,92798.6,,,,,,,,,,,,,,,,,,,,,,,,,,,,,,,,
32174,,,169345,,,,,,,,,,,,,,,,,,,,,,,,,,,,,,,,,,,,,,,,,,,,,,,,,
32173,,,,,262988,,,,,,,,,,,,,,,,,,,,,,,,,,,,,,,,,,,,,,,,,,,,,,,
32171,,,,,,,,,,,,,,,,,,,,,,,,,,,,,,,,,,,,,110351,,,,,,,,,,,,,,,
32170,,,,,,,,,,,,,,,,,,,,,121234,,,,,,,,,,,,,,,,,,,,,,,,,,,,,,,
32169,,,,,,,,,,3040050,,,,,,,,,,,,,,,,,,,,,,,,,,,,,,,,,,,,,,,,,,
32168,,,,,,,,,,,,,,,,,,,,,,,,,,,,,,,,,,,,,,595286,,,,,,,,,,,,,,
32167,,,,242480,,,,1293550,,,,,,,,,,,,,,,,,,,,,,,,,,,,,,,,,,,,,,,,,,,,
32161,,,,,,,,,,,,,,,,,,,,,,,,,,,,,,,,,,,,,,,1554540,,,,,,,,,,,,,
32160,,,,,,,2106720,,,,4417740,,6948270,,,,,,,,,,1707540,,,,11749900,8743500,,,,,,,,,,,,,,8407170,11055000,8221130,3840390,,,,,,,
32159,,,,,,1001960,,,,,,9297540,,2011600,,,,,,,,,,,,6333040,,,3007170,,,,,,,,,,,,,,,,,,,,,,,
32158,,,,,,,,,,,,,,,,,,,,,,,,,,,,,,1699140,,,,,,,,,,,,,,,,,,,,,,
32157,,,62825,,,,,,,,,,,,,,,,,,,,,,,,,,,,,,,,,,,,,,,,,,,2141790,1202500,,,881630,,
32156,,,,,,,,,,,,,,,,,,,,,,,,,,,,,,,,,,,,,109433,,,,,,,,,,,,,,,
32153,,,,,401926,,,,,4899840,,,,,,,,,,,,488824,,4545950,4356010,,,,,,,,,,,,,,,4060470,5191440,,,,,,,,,,,
32152,,,,284206,,,,,5332230,,,,,,,,,,,36881.9,162962,,,,,,,,,,,,,,,,,412649,,,,,,,,,,,,,,
32150,,,,,,,,,,,,,,,,,,,,,,,,,,,,,,,,,,,,33044.7,,,,,,,,,,,,,,,,
32144,,24298.2,,,,,,,,,,,,,,,,,,,,,,,,,,,,,,949023,,,,,,,,,,,,,,,,,,,,
32141,,,,,,,,,,,,,,,2597820,,,,,,,,,,,,,,,,,,,,,,,,,,,,,,,2039710,1903170,,2233860,,,
32140,,,,,,,,,,,,,,2809580,,,,,,,,,,,,,,,,2579530,2861180,,,,,,,,,,,,,,,,,2173820,,537174,,
32138,,,,,,,,,,,,,2459760,,,,,,,,,,,,,,,,,,,,,,,,,,,,,,,,,,,,,,,
32137,,,,,,,,,,,,,,,,,,,,,,,,,,,,,,,,,,,,,,,,,,,,,1709550,,,,,,,
32136,,,,,,,,,,,,,,,,,,,,,,,,,,,,,1904790,,,,,,,,,,,,,,,,,,,,,,,
32135,,,,,,,,,,,,,,,,,,,25523.5,,,,,,,,,,,,,,,,,,,,,,,,,,,,,,,,,
32134,,,107259,,,,,,,,,,,,,,,,,,,,,,,,2149610,,,,,,,,,,,,,,,,,,,,,,,,,
32133,,,,,,,,,,,,,,,,,,,,,,,,,,,,,,,,,,,,30780.5,,,,,,,,,,,,,,,,
32132,,,,183309,,,,,,,,,,,,,,,,,,,,,,,,,,,,,,,,,,,,,,,,,,,,,,,,
32131,,,,,,,,,,,,,,,,,,,,,130459,,,,,,,,,,,,,,,,115450,,,,,,,,,,,,,,,
32130,,,,,,,,,,,,,,,,,,,,,,,,,,,,,,,,,,,,,,,1301900,,,,,,,,,,,,,
32128,,,,,,,,1852380,,,,,,,,,,,,,,,,3743080,,,,,,,,,,,,,,452514,,,,,,,,,,,,,,
32127,,,,,421070,,,,,,,,,,,,,,,,,,,,,,,,,,,,,,,,,,,,2712180,,,,,,,,,,,
32124,,,,,,,,,,,,,,,,,,,,,,449094,,,,,,,,,,,,,,,,,,,,,,,,,,,,,,
32120,,,,,,576122,1092620,,,,,,4862090,,,,,,,,,,1554150,,,,,,2862640,,,,,,,,,,,,,,,,,1470060,,,,,,
32119,,,,,,,,,,,,,,,,,,,,,,,,,,3501430,6018630,,,,,,,,,,,,,,,3940610,5906600,4739100,2805640,,,,,,,
32118,,,,,,,,,,,,6048410,,,,,,,,,,,,,,,,5504030,,,,,,,,,,,,,,,,,,,,,,,,
32117,,,,,,,,,,,3075460,,,1898720,,,,,,,,,,,,,,,,,,,,,,,,,,,,,,,,,,,,,,
32113,,,,,,,,,3678880,,,,,,,,,,,,,,,,,,,,,1724230,,,,,,,,,,,,,,,,,,,,,,
32112,,,,,,,,,,,,,,,,,,,,,,,,,4071990,,,,,,,,,,,,,,,,,,,,,,,,,,,
32111,,,,,,,,,,3031800,,,,,,,,,,,,,,,,,,,,,,,,,,,,,,3712610,3775790,,,,,,,,,,,
32110,,,,,,,,,,,,,,,,,,,,,,,,3854050,,,,,,,,,,,,,94710.2,,,,,,,,,,,,,,,
32109,,13535.3,,,309159,,,,,,,,,,,,,,,,120260,,,,,,,,,,,,,,,,,291357,,,,,,,,,,,,,,
32105,,,93227.9,171901,,,,,,,,,,,,,,,,,,,,,,,,,,,,,,,,,,,,,,,,,,,,,,,,
32102,,,,,,,,,,,,,,,,,,,,,,,,,,,,,,,,1184520,,,,,,,,,,,,,,,,,,,,
32100,,,,,,,,,,,,,,,,,,,17086,,,,,,,,,,,,,,,,,,,,,,,,,,,,,,,,,
32099,,,,,,,,,,,,,,,,,,,,56815.2,,,,,,,,,,,,,,,,,,,,,,,,,,,,,,,,
32098,,,,,,,,,,,,,,,,,,,,,,,,,,,,,,,,,,,,,,,,,,,,,,,,,,768742,,
32097,,,,,,,,,,,,,,,,536339,,,,,,,,,,,,,,,,,,,,,,,,,,,,,,,,,2394430,,,
32096,,,,,,,,,,,,,,2923560,2615410,,,,,,,,,,,,,,,,3048360,,,,,,,,,,,,,,,,,2893340,,,,
32095,,,,,,,,,,,,,,,,,,,,,,,,,,,,2811780,,,,,,,,,,,,,,3643060,,,,2514670,2619510,,,,,
32094,,,,,,,,,,,,3030480,2533660,,,,,,,,,,,,,,,,2724120,2469120,,,,,,,,,,,,,,,2559630,,,,,,,
32093,,,,,,,,,,,2492400,,,,,,,,,,,,,,,3190460,2864250,,,,,,,,,26159.1,74218.4,,,,,,,,,,,,,,,
32092,,,,,,,,,,,,,,,,,,,,,,,,,,,,,,,,,,,,,,,1108770,,,,,,,,,,,,,
32090,,,,,,,,1602190,,,,,,,,,,,,,,,,,,,,,,,,,,,,,,257541,,,,,,,,,,,,,,
32089,,,,256896,,516573,,,,2764830,,,,,,,,,,,,435502,,3205150,3014030,,,,,,,,,,,,,,,3683290,3037770,,,,,,,,,,,
32088,,,,,,,,,3190570,,,,,,,,,,,,,,,,,,,,,,,,,,,,,,,,,,,,,,,,,,,
32087,,,,,,,,,,,,,,,,,,,,,182595,,1258810,,,,,,,,,,,,,,,,,,,,,,,,,,,,,
32086,,,,,297315,,,,,,,,,,,,,,,,,,,,,,,,,,,,,,,,,,,,,,,,,,,,,,,
32079,,,,,,,,,,,,,,,,,,,,,,,,,,,,,,,,,,,,,,,,,,,4572890,,,,,,850002,424804,,
32078,,,,,,,,,,,,,4718430,3059050,,,,,,,,,,,,,,4628100,3972980,3152260,,,,,,,,,,,,,,,3860240,3982340,2319740,1560800,,,,
32077,,,,,,,887955,,,,,,,,1272130,,,,,,,,,,,,4163610,,,,,,,,,,,,,,,,,4326730,,,,,,,,
32076,,,,,,,,,,,,4671580,,,,,,,,,,,,,,,,,,,,,,,,,,,,,,3132050,,,,,,,,,,
32074,,,,,,,,,,,2634700,,,,,,,,,,,,,,,,,,,,1064810,,,,,,,,,,,,,,,,,,,,,
32073,,,,,,,,,,,,,,,,,,,,,,,,,3070120,3058900,,,,,,,,,,,,,,,,,,,,,,,,,,
32072,,,42334.7,,,,,,,,,,,,,,,,,,,,,,,,,,,,,,,,,,,,,,,,,,,,,,,,,
32070,,,,,,,,,2726000,2777880,,,,,,,,,,,,,1257380,3250050,,,,,,,,,,,,,,,,2355200,3593990,,,,,,,,,,,
32069,,,,,,,,,,,,,,,,,,,,,,,,,,,,,,,,,,,,,,272142,1092570,,,,,,,,,,,,,
32068,,,,242213,,,,,,,,,,,,,,,,,,,,,,,,,,,,544897,,,,,,,,,,,,,,,,,,,,
32067,,,,,170507,,,1228530,,,,,,,,,,,,35184.8,,570457,,,,,,,,,,,,,,,,,,,,,,,,,,,,,,
32054,,,,,,,,,,,,,,,,,,,,,,,,,,,,,,,,,,,,,117738,,,,,,,,,,,,1616160,,,
32053,,,,,,,,,,,,3162100,,,,,,,19555.4,,,,,,,,,,,,,,,,,,,,864755,,,,,,,,,,,442263,,
32052,,,,,,,,,,,2617330,,,,,,,,,,,,,,,3130090,2785900,,,,,,,,,,,,,,,3625060,2686970,,,,3379470,1823610,,,,
32051,,,,,,,,,,,,,,,1526650,,,,,,,,,,,,,,,,,687287,,,,,,,,,,,,,,,,,,,,
32050,,,142314,,,,,,,,,,,,,,,,,53602.2,133849,,,,2599380,,,,,,,,,,,,,,,,3069310,,,,,,,,,,,
32049,,,,,196959,,,,,3095030,,,,,,,,,,,,400531,,,,,,,,,,,,,,,,,,,,,,,,,,,,,,
32048,,,,,,,,,2823440,,,,,,,,,,,,,,,3921350,,,,,,,,,,,,,,,,2814230,,,,,,,,,,,,
32047,,,,339789,,,,,,,,,,,,,,,,,,,,,,,,,,,,,,,,39463.5,,,,,,,,,,,,,,,,
32045,,,,,,,,1492680,,,,,,,,,,,,,,,,,,,,,,,,,,,,,,273899,,,,,,,,,,,,,,
32043,,,,,,,,,,,,,,,,,,,,,,,1026070,,,,,,,,,,,,,,,,,,,,,,,,,,,,,
32037,,,,,,,,,,,,,5013640,4138500,,,,,,,,,,,,,,,,,2165520,,,,,,,,,,,,,3373810,,,3618160,1653970,,,,
32036,,,,,,,,,,,,,,,,,,,,,,,,,,,,,4489960,4088770,,,,,,,,,,,,,,,3905500,4894110,,,1065150,,,
32035,,,,,,,,,,,,4580760,,,,,,,,,,,,,,,,3359110,,,,,,,,,,,,,,,,,,,,,,,,
32034,,,,,,,814154,,,,,,,,,,,,,,,,,,,,4011250,,,,,,,,,,,,,,,,,,,,,,,,,
32033,,,,,,,,,,,,,,,,,,,,,,,,,,,,,,,,,,,,,,,,,,4438900,4130210,,,,,,,,,
32031,,,,,,,,,,,3761250,,,,,,,,,,,,,,2772430,,,,,,,,,,,,,,,,,,,,,,,,,,,
32030,,,,,283052,,,,,,,,,,,,,,,,,,,2805730,,4202230,,,,,,,,,,,,,791691,,,,,,,,,,,,,
32029,,,,,,493569,,,,,,,,,,,,,,,,397104,,,,,,,,,,,,,,,,,,,2775080,,,,,,,,,,,
32028,,,,,,,,,,,,,,,,,,,,,,,935526,,,,,,,,,,,,,,,231731,,,,,,,,,,,,,,
32027,,,,,,,,,,2310770,,,,,,,,,,,,,,,,,,,,,,,,,,,,,,,,,,,,,,,,,,
32026,,,,,,,,,1871290,,,,,,,,,,,,122171,,,,,,,,,,,,,,,,,,,2200350,,,,,,,,,,,,
32025,,,,,,,,1153620,,,,,,,,,,,,58798.3,,,,,,,,,,,,,,,,,,,,,,,,,,,,,,368051,,
32022,,,,242122,,,,,,,,,,,,,,,,,,,,,,,,,,,,,,,,17378.2,,,,,,,,,,,,,,,,
32021,,,,,,,,,,,,,,,,,,,,,,,,,,,,,,,,,,,,,,,,,,,,,,,,,668707,,,
32015,,,,,,,,,,,,,,,,,,,,,,,,,,,3243750,,,,1038190,,,,,,,,,,,,,,,,,,,,,
32013,,,,,,,,,,,,,,,,,,,,,,,,,,,,,,,,,,,,,,,,,,,3046810,,,,,,,,,
32012,,,,,,,,,,,,,,,,,,,,,,,,,,,,2432430,,,,,,,,,,,,,,2240910,,,,,,,,,,
32011,,,,,,,,,,,,,2578890,,,,,,,,,,,,,,,,2618730,,,,,,,,,,,,,,,,,,,,,,,
32010,,,,,,,,,,,2589170,3019130,,,1355380,,,,,,,,,,,,,,,,,,,,,,,,,,,,,2240450,,,,,,,,
32009,,,,,,,,,,,,,,,,,,,,,,,,,,2632740,,,,,,386152,,,,,,,,,,,,,2535200,,,,,,,
32008,,,,,,,,,,,,,,,,,,,,37164.8,,,,,,,,,,,,,,,,,,,766949,,3025360,,,,,,,,,,,
32007,,,,,232497,,,1124630,,,,,,,,,,,,,59879.6,,,3805860,3387920,,,,,,,,,,,23494.8,72905.5,,,2729500,,,,,,,,,,,,
32006,,11717,110071,,,,,,2612870,2311400,,,,,,,,,20113.7,,,,,,,,,,,,,,,,,,,,,,,,,,,,,,,,,
32005,,,,157315,,,,,,,,,,,,,,,,,,,,,,,,,,,,,,,,,,138029,,,,,,,,,,,,,,
31996,,,,,,,,,,,,,,,,,,,,,,,,,,,,,,,,,,,,,,,,,,,,,,3320660,,1883400,,,,
31995,,,,,,,,,,,,,,3300870,,,,,,,,,,,,,,,,3197660,1090690,,,,,,,,,,,,,,,,3019400,,,,,
31993,,,,,,,,,,,,,,,,,,,,,,,,,,,,,2841490,,,,,,,,,,,,,,,,,,,,600482,,,
31992,,,,,,,,,,,,,3019890,,,,,,,,,,,,,,,,,,,,,,,,,,,,,,,,,,,,,,,
31991,,,,,,,,,,,,,,,,,,,,,,,,,,,,2708140,,,,,,,,,,,,,,,,2680490,,,,,,,,
31990,,,,,,,,,1659390,,,,,,,,,,,,,,1642210,,2786130,,,,,,,,,,,,,,,,,,,,,,,,,,,
31989,,52238.7,,,,,,,,,,,,,,,,,,,,576603,,,,,,,,,,,,,,,,,,,,,,,,,,,,,,
31988,,,,,,,,,,,,,,,,,,,62726.8,33401,,,,,,,,,,,,,,,,53953.7,122468,,,,,,,,,,,,,,,
31987,,,140600,,,,,,,,,,,,,,,,,,,,,,,,,,,,,,,,,,,195958,,,,,,,,,,,,,,
31985,,,,144412,,,,,,,,,,,,,,,,,,,,,,,,,,,,,,,,,,,,,,,,,,,,,,,,
31980,,,,,,,,,,,,,,,,,,,,,71444,,,,,,,,,,,,,,,,,,,,,,,,,,,,,,,
31975,,,,,,,,,,,,,,,,,,,,,,,,,,,,,,,,,,,,,,,,,,,,,2883670,,,,,,,
31974,,,,,346075,1740860,1505960,,,,15691400,16718800,6427350,,,,,,,,,,,,,21483600,16924400,7670820,,,,,,,,,,,2166080,,6668200,20997600,15069700,6722170,,1161090,,,,,,
31973,,,,,,,,,,3716280,,,,,1011990,,,,,,,,2420240,,4849830,,,,,,,,,,,,,,,2033120,,,,,,,,,,,,
31972,,,,,,,,,,,,,,,,,,,,,,,,,,,,,2016040,,,,,,,,,,,,,,,,,,,,,,,
31965,,,,,,,,,,,,,,,,,,,,,,,,2178920,,,,,,,,,,,,,,,,,,,,,,,,,865192,,,
31964,,,,236301,,,,,,,,,,,,,,,,,,,,,,,,,,,,,,,,,,,,,,,,,,,,,,,,
31963,,,,,,,,,2159670,,,,,,,,,,,,,,,,,,,,,,,,,,,,,,,,,,,,,,,,,,,
31962,,14615.9,,,,,,,,,,,,,,,,,,,,,,,,,,,,,,,,,,,,178651,,,,,,,,,,,,,,
31955,,,,,,,,,,,,,,,,,,,,,,,,,,,,,,1560590,666623,,,,,,,,,,,,,,,2102440,,,,,,
31954,,,,,,,,,,,,,,,825571,,,,,,,,,,,,,,,,,,,,,,,,,,,,,,,,1669170,,,,,
31953,,,,,,,,,,,,,,2421170,,,,,,,,,,,,,,,,,,,,,,,,,,,,,,,,,,,,,,
31952,,,,,,,,,,,,,,,,,,,,,,,,,,,,,2317890,,,,,,,,,,,,,,,,2123750,,,1108930,,,,
31951,,,,,,,,,,,,,,,,,,,,,,,,,,,,,,,,600058,,,,,,,,,,,,,,,,,,,,
31949,,,,,,,,,,,,,3063280,,,,,,,,,456557,,,,,,,,,,,,,,,,,,,,,,2741520,,,,,,,,
31947,,,148409,210787,,,,,,,,,,,,,,,40093.1,107777,,,,,,,,,,,,,,,,44928.9,,,1104650,,,,,,,,,,,,,
31946,,,,,,,,,,,,,,,,,,,,,128272,,2499610,,,,,,,,,,,,,,,,,3033480,,,,,,,,,,,,
31945,,,,,,,1386070,1771600,,,,,,,,,,,,,,,,,,,,,,,,,,,,,66735.1,,,,,,,,,,,,,,,
31944,,,,,,,,,1646450,,,,,,,,,,,,,,,2617090,,,,,,,,,,,,,,,,,,,,,,,,,,,,
31935,,,,,,,,,,,,,,,,,,,,,,,,,,,,,,,,,,,,,,93283.7,,,,,,,,,,,,,,
31934,,,,,,,,,,,,,,,,,,,,,,,,,2860520,,,,,,,,,,,,,,,,,,,,,,,,,,,
31933,,,,,,,,,,2347130,,10600800,,,,,,,,,,,,,,,11218500,6463020,2580790,1481870,,,,,,,,,,,,12355300,10809000,,2494130,2042370,1167400,,,,,
31932,,,,,323782,917480,,,,,8440990,,5637400,,,,,,,,,,,,,11041900,,,,,,,,,,,,,,,3278480,,,5621630,,,,,,,,
31931,,,,,,,,,,,,,,1905710,,,,,,,,,,,,,,,,,,,,,,,,,,,,,,,,,,,,,,
31929,,,,,,,,,,,,,,,,,,,,,,,,1614080,,,,,,,,,,,,,,,,,,,,,,,,,,,,
31925,,,,,,,,,,,,,,,,,,,11990.2,,,,,,,,,,,,,,,,,,,,,,,,,,,,,919372,,,,
31924,,,,,,,,,,,,,,,,,,,,31995,,,,,,,,,,,,,,,,,,,,,,,,,,,,,,,,
31922,,,,,,,,,,,,,,,,,,,,,,183680,,,,,,,,,,,,,,,,,,,,,,,,,,,,,,
31921,,,,,,,,,1257330,,,,,,,,,,,,,,,,,,,,,,,,,,,,,,,,,,,,,,,,,,,
31919,,,,,,,,,,,,,,,,,,,,,,,,,,,,,,,,,,,,19707.5,,,,,,,,,,,,,,,,
31918,,,,,,,,,,,,,,,,,,,,,,,,,,,,,,,,,,,,,,116381,,1253420,,,,,,,,,,,,
31917,,,,,,,,,,,,,,,,,,,,,84887.6,,,,,,,,,,,,,,,,,,,,,,,,,,,,,,,
31911,,,66587.3,,,,,,,,,,,,,,,,,,,,,,,,,,,,,,,,,,,,,,,,,,,,,,,,,
31909,,,,,,,,,,,,,,,,,,,,,,,,,,,,,,,,,,,,,,,,,,,,,,,,1734750,,,,
31908,,,,,,,,,,,,,,,,,,,,,,,,,,,,,,2044140,1458350,,,,,,,,,,,,,,,,,,,,,
31907,,,,,,,,,,,,3922790,2876540,,1165010,,,,5621.47,20858.7,,,,,,,,2506950,2031230,,,,,,,,,,,,,,3411320,,1704290,1577930,2203940,,,,,
31906,,,,,,,,,,,,,,2277070,,,,,,,,,,,,,,,,,,,,,,,,,,,,5279500,,,,,,,1334380,,,
31905,,,,,,,,,,1430080,,,,,,,,,,,,,,2333540,,,,,,,,,,,,,42215.4,,,,,,,,,,,,,,,
31904,,,,,,,,1745110,,,,,,,,,,,,,,,1242530,,,,,,,,,,,,,,,,,,,,,,,,,,,,,
31903,,,,,,,667511,,1314480,,,,,,,,,,,,,,,,,,,,,,,,,,,,,,842680,,,,,,,,,,,,,
31902,,,,,,,,,,,,,,,,,,,,,,,,,,,,,,,,,,,,,,,,2121010,,,,,,,,,,,,
31892,,,,,,554430,,,,,,,,,,,,,,,,,,,,,,,,,,,,,,,,,,,,,,,,,,,,,,
31891,,,,,,,,,,,5224200,6505180,3864700,,,,,,,,,,,,,6865630,6723680,4325260,2031950,,,,,,,,,,,,,7907560,6401950,4238870,2311920,,,,,,,
31890,,,,,,,,,,,,,,1423110,,,,,,,,,,,,,,,,,871553,,,,,,,,,,2308310,,,,,,,,,,,
31889,,,,,,,,,,,,,,,,,,,,,,,,,1910790,,,,,,,,,,,,,,,,,,,,,,,1006210,,,,
31888,,,,,,,,,,1721520,,,,,,,,,,,,,,,,,,,,1053920,,,,,,,,,,,,,,,,1153800,,,,,,
31883,,,,,,,,,,,,,,,,,,,,,,,,,,,,,,,,,,,,11273.2,,,,,,,,,,,,,,,,
31880,,,,,,,,,,,,,,,,,,,17971.1,,,,,,,,,,,,,,,,,,,,,,,,,,,,,,,,,
31879,,,,,,,,,,,,,,,,,,,,23863.8,,,,,,,,,,,,,,,,,,,,,,,,,,,,,,,,
31875,,,,,,,,,,,,,,,,,,,,,,,,1812670,,,,,,,,,,,,,,,,,,,,,,,,,,,,
31874,,,,,,,,771795,,,,,,,,,,,,,,,,,,,,,,,,,,,,,,,,,,,,,,,,,,,,
31872,,,,,,,,,,,,,,,,,,,,,,,,,,,,,,,657654,,,,,,,,,,,,,,,,,,,,,
31870,,,,,,,,,,,,,,,,,,,,,,,,,,,,,,,,,,,,,,,,,,,,,,,923997,1106170,,,,
31868,,,,,,,,,,,,,,,,,,,,,,,,,,,,,,,,,,,,,,,,,,,,,1479850,,,,,,,
31866,,,,,,,,,,,,,,,,,,,,,,,,,,,,,,1322460,,,,,,,,,,1122370,,,,,,1203320,,,1060960,,,
31865,,,,,,,,,,,,,,,,,,,16280.8,,,,,,,,,,,,,,,,,,,,,,,,,,,,,,,,,
31864,,,,,,,,,,,,,,,,,,,,,,,967229,,,,,,,,,,,,,,,,,,,,,,,,,,,,,
31863,,,,,,363023,585714,,,,,,,,,,,,,,,203839,,,,,,,,,,,,,,,,,,,,,,,,,,,,,,
31862,,,,,,,,,1201510,,,,,,,,,,,,,,,,,,,,,,,,,,,,,,,,,,,,,,,,,,,
31861,,,,,,,,,,1665180,,,,,,,,,,,,,,,,,,,,,,,,,,,,,,,,,,,,,,,,,,
31860,,,,,,,,,,,,,,,,,,,,,,,,,1893200,,,,,,,,,,,,,,,,,,,,,,,,,,,
31859,,,,,,,,,,,,,,,,,,,,,,,,2623710,,,,,,,,,,,,,,,,,,,,,,,,,,,,
31853,,,,,,,,,,,,,,,,,,,,,,,,,,,,2617560,,,,,,,,,,,,,,,,,,,,,,,,
31852,,,,,,,,,,,,,,,,,,,,,,,,,,,4494590,,,,,,,,,,,,,,,,,2301390,,,,,,,,
31851,,,,,,,,,,,2720650,4577070,2377590,,,,,,,,,,,,,4019530,,,,,,,,,,,,,,,,4973350,4365370,,,,,,,,,
31850,,,,,,,,,,,,,,,,,,,,,,,,,,,,,1505810,1123660,352999,,,,,,,,,,,,,,,,,,,,,
31849,,,,,,300350,,,,,,,,1266360,,,,,,,,,,,,,,,,,,,,,,,,,,,1844170,,,,,1106110,,,,,,
31848,,,,,,,,,,,,,,,,,,,,,,,,,,,,,,,,,,,,,,,,,,,,,,,742932,,,,,
31846,,,,,,,,,,,,,,,,,,,,,,120432,,,,,,,,,,,,,,,,,,,,,,,,,,,,,,
31844,,,,,,,,,945882,,,,,,,,,,,,,,,1236830,,,,,,,,,,,,,,,,,,,,,,,,,,,,
31842,,,,,,,,,,,,,,,,,,,,,,,,,,,,,,,,,,,,,,,,,,,,,,,,,489073,,,
31840,,,,,,,,,,,,,,,,,,,,,,,,,,,,,,,,,,,,,,,,1272730,,,,,,,,,,,,
31836,,,,,,,,,,,,,,,,,,,,,,,607819,,,,,,,,,,,,,,,,,,,,,,,,,,,,,
31832,,,,,,,,,,,,,,779836,,,,,,,,,,,,,,,,,,,,,,,,,,,,,,,,,,,,,,
31831,,,,,,,,,,,,,,,,,,,,,,,,,,,,,,781812,,,,,,,,,,,,,,,,,,,,,,
31829,,,,,,,,,,,,,,,,,,,,,,,,,,,3252670,,,,,,,,,,,,,,,,,,,,,,,,,
31828,,,,,,,,,,,2717010,,,,,,,,,,,,,,,,,1879740,,,,,,,,,,,,,,3033320,,,,,,,,,,
31827,,,,,,,,,,,,3291040,1707090,,,,,,,,,,,,,3241370,,,,,,,,,,,,,,,,,2686380,2015130,,,,,,,,
31824,,,,,,,632431,,,,,,,,,,,,,,,,,,,,,,,,,,,,,,,,,,,,,,1084060,,,,,,,
31823,,,,,,,,,,,,,,,,,,,,,,,,,,,,,,,,,,,,,,,,,1671980,,,,,,,,,,,
31821,,,,,,,,,,1143770,,,,,,,,,,,,,,,,,,,,,,,,,,,,79985.3,,,,,,,,,,,,,,
31820,,,,,,,,,,,,,,,,,,,,,,,,,,,,,,,,,,,,,,,,729137,,,,,,,,,,,,
31819,,,,,,,,,484082,,,,,,,,,,,,,,594095,844332,,,,,,,,,,,,,,,,,,,,,,,,,,,,
31816,,,,,,,,469174,,,,,,,,,,,,,,,,,,,,,,,,,,,,,,,,,,,,,,,,,,,,
31815,,,,,,,,,,,,,,,,,,,,,,,,,,,,,,,,,,,,12055.3,,,,,,,,,,,,,,,,
31812,,,,,,,,,,,1618300,,,,,,,,,,,,,,,,,,,,,,,,,,,,,,,,,,,,,,,,,
31810,,,,,,,,,,,,,,,,,,,,,,,,,,,,,,,,,,,,,,,,,,,,1242170,,,,,,,,
31809,,,,,,,,,,,,,,,,,,,,,,,,,,,,,,,,,,,,,,,,,,,,,919762,,,,,,,
31806,,,,,,,,,,,,,,,,,,,,,,,,,,2166700,,,,,,,,,,,,,,,,,,,,,,,,,,
31805,,,,,,,,,,,,,,,,,,,,,,,,,,,2168200,,,,,,,,,,,,,,,2123810,1610780,,,,,,,,,
31803,,,,,,,,,,,,,,,,,,,,,,,,,1518150,,,,,,,,,,,,,,,,,,,,,,,,,,,
31802,,,,,,,,,,901089,,,1470420,,,,,,,,,,,,,,,1592090,,,,,,,,,,,,,,,,,,,,,,,,
31801,,,,,,,,,,,,2494430,,,,,,,21522.3,,,,,,,,,,,,,,,,,,,,,,,,,,,,,,,,,
31800,,,,,,,,399766,,,,,,,,,,,,,,,524199,,,,,,,,,,,,,,,,,,,,,,,,,,,,,
31799,,,,,,,520457,,,,,,,,,,,,,,,,,,,,,,,,,,,,,,,,,,,,,,,,,,,,,
31798,,,,,,,,,,,,,,,,,,,,,,,,,,,,,,,,,,,,13035.9,,,,,,,,,,,,,,,,
31787,,,,,,,,,,,1948380,,,,,,,,,,,,,,,,2711410,1889360,,,,,,,,,,,,,,,2700530,,,,,,,,,
31786,,,,,,,,,,,,3084220,1872430,,,,,,,,,,,,,2594390,,,,,,,,,,,,,,,,2913440,,,,,,,,,,
31785,,,,,,,,,,,,,,,,,,,,,,,,,,,,,,,,,,,,,,,,,,,,1613630,711128,,,,,,,
31782,,,,,,,,266659,,,,,,,,,,,,,,,,,,,,,,,,,,,,,,,,,,,,,,,,,,,,
31778,,,,,,,,,,,,,,,,,,,,,,,,,,,,,,,,,,,,,,,,,978069,,,,,,,,,,,
31773,,,,,,,,,,,,,,,,,,,,,,,,,,,,,,,,,,,,11972.7,,,,,,,,,,,,,,,,
31771,,,,,,,,,,,,,,,,,,,,,,,315818,,,,1861490,,,,,,,,,,,,,,,,,,,624289,,,,,,
31770,,,,,,,,,,,,,,,,,,,,,,,,,,,,1954180,1047200,,,,,,,,,,,,,,,,1321770,,,,,,,
31769,,,,,,,,,,,,2342710,,,,,,,,,,,,,,,,,,,,,,,,,,,,,,,,2031690,,,,,,,,
31768,,,,,,,,,,,,,2100090,,,,,,,,,,,,,,,,,,,,,,,,,,,,,,,,,,,,,,,
31765,,,,,,,,,,,,,,,,,,,,,,,,,,,,,,,,,,,,,,,,,,,1731670,,,,,,,,,
31763,,,,,,,,,,,1654450,,,,,,,,,,,,,,,,,,,,,,,,,,,,,,,,,,,,,,,,,
31761,,,,,,,,,,,,,,,,,,,,,,,,,,,,,,,,,,,,,,,,,,1678220,,,,,,,,,,
31747,,,,,,,,,,,,,2093150,,,,,,,,,,,,,,,,,,,,,,,,,,,,,,,,,,,,,,,
31746,,,,,,,188587,,,,,,,,,,,,,,,,,,,2526600,,,1329880,,,,,,,,,,,,,,3448520,,,,,,,,,
31745,,,,,,,,,,,1674590,3501480,,,,,,,,,,,,,,,3323290,2697220,,,,,,,,,,,,,,3063140,,2256560,809402,,,,,,,
31728,,,,,,,,,,,,,,,,,,,,,,,,,,,,1108160,,,,,,,,,,,,,,,,855091,,,,,,,,
31726,,,,,,,,,,,,,913981,,,,,,,,,,,,,,,,,,,,,,,,,,,,,,,,,,,,,,,
31724,,,,,,,,,,,,,,698528,,,,,,,,,,,,,,,,,,,,,,,,,,,,,,,,,,,,,,
31719,,,,,,,,,,,,,,,,,,,,,,,,,,,,,,,,,,,,,30543.1,,,,,,,,,,,,,,,
31718,,,,,,,,,,,,,,,,,,,,,,,,,,575702,,,,,,,,,,,,,,,,,,,,,,,,,,
31715,,,,,,,,,,,823786,,,,,,,,,,,,,,,,,,,,,,,,,,,,,,,,,,,,,,,,,
31709,,,,,,,,,,,,,,,,,,,,,,,,,,,,,,,,,,,,,,,,,,941078,,693381,,,,,,,,
31705,,,,,,,,,,,,2085230,,,,,,,,,,,,,,,1777580,770688,,,,,,,,,,,,,,,1144460,,,,,,,,,
31684,,,,,,,,,,,,1087850,,,,,,,,,,,,,,,,,,,,,,,,,,,,,,,,,,,,,,,,
31680,,,,,,,,,,,,,,,,,,,,,,,,,,,,672141,,,,,,,,,,,,,,,,,,,,,,,,
31668,,,,,,,,,,,,1028520,,,,,,,,,,,,,,,,,,,,,,,,,,,,,,,,,,,,,,,,
31657,,,,,,,,,,,,,,,,,,,,,,,,,,,,835481,,,,,,,,,,,,,,,,,,,,,,,,
31642,,,,,,,,,,,,774075,,,,,,,,,,,,,,,,763979,,,,,,,,,,,,,,,,,,,,,,,,
31600,,,,,,,,,,,,,,,,,,,,,,,,,,,1445740,,,,,,,,,,,,,,,,,,,,,,,,,
31599,,,,,,,,,,,,1316320,,,,,,,,,,,,,,,,,,,,,,,,,,,,,,,672720,,,,,,,,,
31597,,,,,,,,,,,,,,,,,,,,,,,,,,,,,,,,,,,,,,,,,,,,,872427,,,,,,,
31584,,,,,,,,,,,,,,,,,,,,,,,,,,,,2119030,,,,,,,,,,,,,,,,,,,,,,,,
31583,,,,,,,,,,,,2290730,1387250,,,,,,,,,,,,,,2097320,,,,,,,,,,,,,,,,1747300,612834,,,,,,,,
31575,,,,,,,,,,,,,,,,,,,,,,,,799984,,,,,,,,,,,,,,,,,,,,,,,,,,,,
31559,,,,,,,,,,,,,,,,,,,,,,,,,,,904768,,,,,,,,,,,,,,,,,,,,,,,,,
31557,,,,,,,,,,,,,,,,,,,,,,,,965017,,,,,,,,,,,,,,,,,,,,,,,,,,,,
31542,,,,,,,,,,,,,,,,,,,,,,,,,,,1004000,,,,,,,,,,,,,,,,,,,,,,,,,
31489,,,,,,,,289729,,,,,,,,,,,,,,,,,,,,,,,,,,,,,,,,,,,,,,,,,,,,
31433,,,,,,,,1346640,,,,,,,,,,,,,,,,,,,,,,,,,,,,,,,,,,,,,,,,,,,,
31432,,,,,,,,,1486090,,,,,,,,,,,,,,,,,,,,,,,,,,,,,,,1102080,,,,,,,,,,,,
31390,,,,,,,,461830,,,,,,,,,,,,,,,,,,,,,,,,,,,,,,,,,,,,,,,,,,,,
31070,,,,,,,,,,,,,,,,,,,,,,,,,,,,,,,,,,,,,,,,,,,,,,,,,388196,,,
30751,,,,,,,,,,,,,,,,,,,,,,,,,,,,,,,,,,,,,,,,,,,,,,,,,,362789,,
30708,,,,,,,,,,,,,,,,,,,,36230.3,,,,,,,,,,,,,,,,,,,,,,,,,,,,,,,,
30702,,6532.74,,,,,,,,,,,,,,,,,,,,,,,,,,,,,,,,,,,,,,,,,,,,,,,,,,
30680,,,,,,,,,,,,,,,,,,,,,,,,,,,,,,,,,,,,,51159.4,,,,,,,,,,,,,,,
30540,,,,,,,,,,,,,,,,,,,,,,,,,,,,,,,,,,,,,,,344047,,,,,,,,,,,,,
30539,,,22961.3,,,,,,,,,,,,,,,,,,,,,,,,,,,,,,,,,,,,,,,,,,,,,,,,,
30529,,,,,,162510,,,,,,,,,,,,,,,,,,,,,,,,,,,,,,,,,,,,,,,,,,,,,,
30515,,,,,,,,483140,,,,,,,,,,,,,,,,,,,,,,,,,,,,,,,,,,,,,,,,,,,,
30509,,,,,,188298,,,,,,,,,,,,,,,,,,,,,,,,,,,,,,,,,,,,,,,,,,,,,,
30501,,,,,,,,,,,,,,,,,,,,,36463.9,,,,,,,,,,,,,,,,,,,,,,,,,,,,,,,
30494,,,,69096,,,,,,,,,,,,,,,,,,,,,,,,,,,,,,,,,,,,,,,,,,,,,,,,
30492,,,,,,,,,,,,,,,,540025,,,,,,,,,,,,,,,,,,,,,,,,,,,,,,,,,,,,
30470,,,,,100628,,,,,,,,,,,,,,,,,,,,,,,,,,,,,,,,,,,,,,,,,,,,,,,
30467,,,,,,,,,,,,,,,,,,,,,,138023,,,,,,,,,,,,,,,,,,,,,,,,,,,,,,
30414,,,,,,,,,,,,,,,,,,,17423,,,,,,,,,,,,,,,,,,59059.2,,,,,,,,,,,,,,,
30396,,,,,,,,,,,,,,,,,,,,,,,,,,,,,,,,,,,,,26256.5,,,,,,,,,,,,,,,
30395,,,,88300,,,,,,,,,,,,,,,,,,,,,,,,,,,,,,,,,,,,,,,,,,,,,,,,
30389,,,,,,133539,,,,,,,,,,,,,,,,,,,,,,,,,,,,,,,,,,,,,,,,,,,,,,
30372,,,,,,,,,,,,,,,,,,,,19224.4,,,,,,,,,,,,,,,,,,,,,,,,,,,,,,,,
30365,,,,,,,,,,,,,,,,,,,,,,140285,,,,,,,,,,,,,,,,,,,,,,,,,,,,,,
30352,,,,,,,,,,,,,,,,,,,,,,,,,,,,,,,,,,,,,,,303775,,,,,,,,,,,,,
30351,,,,,,,,,,,,,,,,,,,,,,,,,,,,,,,,,,,,,37752.9,,,,,,,,,,,,,,,
30337,,,,,,,,,,,,,,,,,,,,,,,,,,,,,,,,,,,,,,,,,,,,,,,,,487320,,,
30335,,,,,,,,,,,,,,,,,,,,,,156205,,,,,,,,,,,,,,,,,,,,,,,,,,,,,,
30327,,,,,,,,,,,,,,,,,,,,,,,,,,,,,,,,,,,,7235.43,,,,,,,,,,,,,,,,
30319,,,,,,,,,,,,,,,,,,,,,43198.7,,,,,,,,,,,,,,,,,,,,,,,,,,,,,,,
30310,,,,,,,,,,,,,,,,,,,,,,,,,,,,,,,,,,,,10139.1,,,,,,,,,,,,,,,,
30308,,,,,,,,,,,,,,,,,,,,,,111969,,,,,,,,,,,,,,,,,,,,,,,,,,,,,,
30298,,,,,94062.7,,,,,,,,,,,,,,,,,,,,,,,,,,,,,,,,,,,,,,,,,,,,,,,
30297,,,,64952.4,,,,,,,,,,,,,,,,,,,,,,,,,,,,,,,,,,,,,,,,,,,,,,,,
30295,,,,,,,,,,,,,,,,,,,,,97532.5,,,,,,,,,,,,,,,,,,,,,,,,,,,,,,,
30293,,,,,,,,,,,,,,,,,,,,26015.1,,,,,,,,,,,,,,,,,,,,,,,,,,,,,,,,
30282,,,,,72399.1,,,,,,,,,,,,,,,,,116437,,,,,,,,,,,,,,,,,,,,,,,,,,,,,,
30274,,,,,,,,,,,,,,,,,,,,,67727.1,,,,,,,,,,,,,,,,,,,,,,,,,,,,,,,
30263,,9412.28,,,,,,,,,,,,,,,,,,,,,,,,,,,,,,,,,,,,,,,,,,,,,,,,,,
30261,,,24758.7,,,,,,,,,,,,,,,,,,,,,,,,,,,,,,,,,,,,,,,,,,,,,,,,,
30258,,,,54526,,,,,,,,,,,,,,,,,43519.8,,,,,,,,,,,,,,,,,,,,,,,,,,,,,,,
30242,,,,77828.1,,,,,,,,,,,,,,,9538.53,,,,265334,,,,,,,,,,,,,,,,,,,,,,,,,,,,,
30241,,,,,,,,,,,,,,,,,,,,,39022.3,,,,,,,,,,,,,,,,,117368,,,,,,,,,,,,,,
30234,,12521.8,,,,,,,,,,,,,,,,,,,,,,,,,,,,,,,,,,,,,,,,,,,,,,,,,,
30227,,,,,143986,,,,,,,,,,,,,,,,,,,,,,,,,,,,,,,,,,,,,,,,,,,,,,,
30220,,,,,,,,,,,,,,,,,,,,,,,,,,,,,,,,,,,,,,94412.7,,,,,,,,,,,,,,
30216,,,,,,,,,,,,,,,,,,,,,,118817,,,,,,,,,,,,,,,,,,,,,,,,,,,,,,
30209,,,,,,,,,,,,,,,,,,,,,50907.4,,,,,,,,,,,,,,,,,,,,,,,,,,,,,,,
30204,,,,,,,,,,,,,,,,,,,,,,,,,,,,,,,,,,,,,64626,,,,,,,,,,,,,,,
30200,,,25708.6,,,156000,,,,,,,,,,,,,,,,,,,,,,,,,,,,,,,,,,,,,,,,,,,,,,
30197,,,,73645.9,,,,,,,,,,,,,,,,,,,,,,,,,,,,,,,,,,,,,,,,,,,,,,,,
30196,,,,,86011,,,,,,,,,,,,,,,,,,,,,,,,,,,,,,,,,,,,,,,,,,,,,,,
30186,,,,,,,,,,,,,,,,,,,,,,131318,,,,,,,,,,,,,,,,101143,,,,,,,,,,,,,,
30180,,,,,,,,,,,,,,,,,,,,,,,,,,,,,,,,,,,,,67872.5,,,,,,,,,,,,,,,
30175,,,,,,134265,,,,,,,,,,,,,,,,,,,,,,,,,,,,,,,,,,,,,,,,,,,,,,
30167,,,,133615,,,,,,,,,,,,,,,,,,,,,,,,,,,,,,,,,,,,,,,,,,,,,,458224,,
30165,,,,,,,,,,,,,,,,,,,,26885.9,,,,,,,,,,,,,,,,,,,,,,,,,,,,,,,,
30146,,,,,,,,,,,,,,,,,,,,,,,,,,,,,,,,,,,,,,,322573,,,,,,,,,,,,,
30143,,,,,108910,,,,,,,,,,,,,,,,,,,,,,,,,,,,,,,,,,,,,,,,,,,,,,,
30139,,,,78364.4,,,,,,,,,,,,,,,,,,,,,,,,,,,,,,,,,,,,,,,,,,,,,,,,
30131,,,,,,,,243092,,,,,,,,,,,,,,,,,,,,,,,,,,,,,,,,,,,,,,,,,,,,
30127,,,,,,,,,,,,,,,,,,,,,44635.7,,,,,,,,,,,,,,,,,,,,,,,,,,,,,,,
30109,,,,98619.6,,,,,,,,,,,,,,,,,,,,,,,,,,,,,,,,,,,,,,,,,,,,,,,,
30107,,,,,,,,,,,,,,,,,,,,,77186.6,,,,,,,,,,,,,,,,,,,,,,,,,,,,,,,
30106,,,,,,,,,,,,,,,,,,,,,,138682,,,,,,,,,,,,,,,,,,,,,,,,,,,,,,
30102,,,,,101398,,,,,,,,,,,,,,,,,,,,,,,,,,,,,,,,,,,,,,,,,,,,,,,
30098,,,,,,,,,,,,,,,,,,,,,,,,,,,,,,,,,,,,,51433.1,186268,,,,,,,,,,,,,,
30087,,15250.7,,,,,,,,,,,,,,,,,,21389.9,,,,,,,,,,,,,,,,,,,,,,,,,,,,,,,,
30086,,,,73075.8,,,,,,,,,,,,,,,,,,,,,,,,,,,,,,,,,,,,,,,,,,,,,,,,
30083,,,,,,131508,,,,,,,,,,,,,,,,,,,,,,,,,,,,,,,,,,,,,,,,,,,,,,
30082,,,29933.8,,,,,,,,,,,,,,,,,,,,,,,,,,,,,,,,,,,,,,,,,,,,,,,,,
30074,,,,,,,,,,,,,,,,,,,,,,,,,,,,,,,473270,,,,,,,,,,,,,,,,,,,,,
30068,,,,,,,,,,,,,,,,,,,,,,,,,,,,,,,,,,,,,,78537.1,,,,,,,,,,,,,,
30055,,,,,,135989,,,,,,,,,,,,,,,,,,,,,,,,,,,,,,,,,,,,,,,,,,,,,,
30050,,6234.56,,,,,,,,,,,,,,,,,,,,,,,,,,,,,,,,,,,,,,,,,,,,,,,,,,
30049,,,,,,,,,,,,,,,,,,,,17751.3,,,,,,,,,,,,,,,,,,,,,,,,,,,,,,,,
30028,,,,,,194280,,,,,,,,,,,,,,,,,,,,,,,,,,,,,,,,,,,,,,,,,,,,,,
30027,,,,,112659,,,,,,,,,,,,,,,,,,,,,,,,,,,,,,,,,,,,,,,,,,,,,,,
30018,,,,,,,,,,,,,,,,,,,,,,,,,,,,,,,,,,,,,,,,,,,,,,,,,,786381,,
30017,,,,,,,,,,,,,,,,,,,,,,,,,,,,,,,,,681564,,,,,,,,,,,,,,,,,,642823,
30015,,,,,,,,,,,,,,,,693995,,,,,,,,,,,,,,,,,,,,,,,,,,,,,,,,,,,,
30004,,,,,,,,,,,,,,,,,,,,,,,,,,,,,,,,,,,,,,130134,,,,,,,,,,,,,,
30001,,,,,,,182377,,,,,,,,,,,,,,,,,,,,,,,,,,,,,,,,,,,,,,,,,,,,,
29995,,,,,,150414,,,,,,,,,,,,,,,,,,,,,,,,,,,,,,,,,,,,,,,,,,,,,,
29992,,6272.31,,83896.5,,,,,,,,,,,,,,,,,,,,,,,,,,,,,,,,,,,,,,,,,,,,,,,,
29989,,,,,,,,,,,,,,,,,,,,,,,,,,,,,,,,,,,,,,124926,,,,,,,,,,,,,,
29979,,,,,,,191370,,,,,,,,,,,,,,,,,,,,,,,,,,,,,,,,,,,,,,,,,,,,,
29976,,,,,96466.1,,,,,,,,,,,,,,,,,,,,,,,,,,,,,,,,32839.9,,,,,,,,,,,,,,,
29965,,,,,,,,,,,,,,,,,,,,23841.7,,,,,,,,,,,,,,,,,,,,,,,,,,,,,,,,
29953,,,,,,139330,,,,,,,,,,,,,,,,,,,,,,,,,,,,,,,,,,,,,,,,,,,,,,
29950,,,,,,,,,,,,,,,,,,,,,,,,,,,,,,,,,,,,,37037.8,,,,,,,,,,,,,,,
29948,,,,,86457.8,,,,,,,,,,,,,,,,,,,,,,,,,,,,,,,,,,,,,,,,,,,,,,,
29930,,,,,,136712,,,,,,,,,,,,,,,,,,,,,,,,,,,,,,,,,,,,,,,,,,,,,,
29923,,,,,,,,,,,,,,,,,,,,,,,,,,,,,,,,,,,,,27555.3,,,,,,,,,,,,,,,
29904,,11173.5,,,,,,,,,,,,,,,,,,,,,,,,,,,,,,,,,,,,,,,,,,,,,,,,,,
29899,,,,,,,,,,,,,,,,,,,,,,,,,,,,,,,,,,,,,,,370091,,,,,,,,,,,,,
29894,,,,,,,,,,,,,,,,,,,,,,,,,,,,,,,,,,,,,,,,,,,,,,,,,,548797,,
29893,,,,,,,,258350,,,,,,,,,,,,,,,,,,,,,,,,,,,,,,,,,,,,,,,,,,,,
29889,,,,,,,,,,,,,,,533657,,,,,,,,,,,,,,,,,,,,,,,,,,,,,,,,,,,,,
29884,,10710.1,,,,,,,,,,,,,,,,,,,,,,,,,,,,,,,,,,,,,,,,,,,,,,,,,,
29883,,,,,,,,,,,,,,,,,,,,,,,,,,,,,,,,,,,,,,,321966,,,,,,,,,,,,,
29879,,,,,,,,,,,,,,,,,,,,,,,,,,,,,,,,,,,,17876.8,,73630.5,,,,,,,,,,,,,,
29871,,,,,,,,,,,,,,,,,,,,,,,,,,,,,,,,,,,,,,,,,880178,,,,,,,,,,,
29866,,,,,,,,573979,,,,,,,,,,,,,,,,,,,,,,,,,,,,,,,,,,,,,,,,,,,,
29860,,,,,,,,,,,,,,,,,,,,,,,,,,,,,,,,,,,,,,82596,,,,,,,,,,,,,,
29856,,,,,,,,,,,,,,,,,,,,,,,,,,,,,,,,,,,,,,,,,,,,,,527015,,,,,,
29846,,,,,,,,,,,,,,,,,,,8000.51,,,,,,,,,,,,,,,,,,,,,,,,,,,,,,,,,
29836,,,,,,,263585,,,,,,,,,,,,,,,,,,,,,,,,,,,,,,,,,,,,,,,,,,,,,
29832,,,,,,,,343828,,,,,,,,,,,,,,,,,,,,,,,,,,,,,,,,,,,,,,,,,,,,
29829,,,,,,,,,,,,,,,,,,,,,,,,,,,,,,,,,,,,,,,,,,,,,,,,,,395798,,
29828,,,,,,207483,,,,,,,,,,,,,,,,,,,,,,,,,,,,,,,,,,,,,,,,,,,,,,
29823,,,41846.9,,,,,,,,,,,,,,,,,,,,,,,,,,,,,,,,,,,,,,,,,,,,,,,,,
29814,,,,,,,,,,,,,,,,,,,,,,,,,,,,,,,,,,,,,,,352882,,,,,,,,,,,,,
29802,,,,,,195087,,,,,,,,,,,,,,,,,,,,,,,,,,,,,,,,,,,,,,,,,,,,,,
29800,,,,,,,,,,,,,,,,,,,7447.32,,,,,,,,,,,,,,,,,,,,,,,,,,,,,,,,,
29794,,,,,,,230926,,,,,,,,,,,,,,,,,,,,,,,,,,,,,,,,,,,,,,,,,,,,,
29787,,,,,,,,,,,,,,,,,,,,,,,,,,,,,,,,399414,,,,,,,,,,,,,,,,,,,,
29774,,,,,,,326333,,,,,,,,,,,,,,,,,,,,,,,,,,,,,,,,,,,,,,,,,,,,,
29773,,,,,,,,,,,,,,,,,,,12967.8,,,,,,,,,,,,,,,,,,,,,,,,,,,,,,,,,
29766,,,,,,111255,,,,,,,,,,,,,,,,,,,,,,,,,,,,,,,,,,,,,,,,,,,,,,
29734,,,22625.3,,,,,,,,,,,,,,,,,,,,,,,,,,,,,,,,,,,,,,,,,,,,,,,,,
29727,,6909.84,,,,,,,,,,,,,,,,,,,,,,,,,,,,,,,,,,,,,,,,,,,,,,,,,,
29723,,,,,,,,,,,,,,,,,,,,,,,,,,,,,,,,,,,,,,,,,,550864,,880537,,,,,,,,
29720,,,,,,,,,,,,,,,,,,,,,,126097,,,,,,,,,,,,,,,,,,,,,,,,,,,,,,
29695,,,,,,,,,,,,,,,,,,,9562.38,,,,,,,,,,,,,,,,,,,,,,,,,,,,,,,,,
29689,,,,,,,,,,,,,,,,,,,,,,,,,,,,,,,,,,,,,,,,,,936465,,,,,,,,,,
29679,,,,,,,,,,,,,,,,,,,,17743,,,,,,,,,,,,,,,,,,,,,,,,,,,,,,,,
29664,,,,,,,,,,,,,,,,,,,,17696.1,,,,,,,,,,,,,,,,,,,,,,,,,,,,,,,,
29622,,,,,,,,,,,,,,,,,,,,,,,,,,,,,,,,,,,,,,,,,599175,,,,,,,,,,,
29601,,,,,,,,,,,,,,,,,,,,,,,,,,,,,,,,,,,,,42308.8,,,,,,,,,,,,,,,
29583,,5745.14,,,,,,,,,,,,,,,,,,,,,,,,,,,,,,,,,,,,,,,,,,,,,,,,,,
29457,,,,,,,,,,,,,,,,,,,8230.92,,,,,,,,,,,,,,,,,,,,,,,,,,,,,,,,,
29417,,,,,,,,,,,,,,,,,,,,,,,,,,,,,,,,,,,,8886.08,,,,,,,,,,,,,,,,
29385,,,,,,,,,,,,,,,,,,,,,,,,,,,,,,,380686,,,,,,,,,,,,,,,,,,,,,
29207,,,,,,,,,,,,,,,,,,,6183.56,,,,,,,,,,,,,,,,,,,,,,,,,,,,,,,,,
29178,,,,,,,,,,,,,,,,,,,7514.17,,,,,,,,,,,,,,,,,,,,,,,,,,,,,,,,,
28742,,,,,,,,,,,,,,,,,,,,,,,,,,,,,,,,,,,,7350.45,,,,,,,,,,,,,,,,
28682,,,,,,,205305,,,,,,,,,,,,,,,,,,,,,,,,,,,,,,,,,,,,,,,,,,,,,
28632,,,30121.8,,,,,,,,,,,,,,,,,,,,,,,,,,,,,,,,,,,,,,,,,,,,,,,,,
28627,,,,,,,,,,,,,,,,,,,,,,123345,,,,,,,,,,,,,,,,,,,,,,,,,,,,,,
28620,,,,,89959.8,,,,,,,,,,,,,,,,,,,,,,,,,,,,,,,,,,,,,,,,,,,,,,,
28493,,,,87746.6,,,,,,,,,,,,,,,,,,,,,,,,,,,,,,,,,,,,,,,,,,,,,,,,
28334,,,,,,,,,,,,,,,,,,,,,54174,,,,,,,,,,,,,,,,,,,,,,,,,,,,,,,
28316,,,,,,,,,,,,,,,,,,,,,49279,,,,,,,,,,,,,,,,,,,,,,,,,,,,,,,
28234,,,,,,,,,,,,,,,,,,,,,,,,,,,,,,,,,,,,,,,,,,,,,,,,,,370101,,
28166,,,,,,,,,,,,,,,,,,,,,,,,,,,,,,,,,,,,,,73479.3,,,,,,,,,,,,,,
28146,,,,75289.4,,,,,,,,,,,,,,,,,,,,,,,,,,,,,,,,,,,,,,,,,,,,,,,,
28120,,,,,,,,,,,,,,,,,,,,,,,,,,,,,,,525819,,,,,,,,,,,,,,,,,,,,,
28092,,,,,,,,,,,,,,,,,,,,,36196.8,,,,,,,,,,,,,,,,,,,,,,,,,,,,,,,
28071,,,21850,,,,,,,,,,,,,,,,,,,,,,,,,,,,,,,,,,,,,,,,,,,,,,,,,
28061,,9435.88,,,,,,,,,,,,,,,,,,,,,,,,,,,,,,,,,,,,,,,,,,,,,,,,,,
28020,,,,,,,,,,,,,,,,,,,,,,,,,,,,,,,,,,,,,34983.9,,,,,,,,,,,,,,,
28009,,,,,,,,,532780,,,,,,,,,,,,,,,,,,,,,,,,,,,,,,,,,,,,,,,,,,,
27953,,,,,,,,,,,,,,,,,,,,,,,,,,,,,,,,,,,,,,,,,743727,,,,,,,,,,,
27939,,,,,,,,,,,,,,,,,,,,18888.6,,,,,,,,,,,,,,,,,,,,,,,,,,,,,,,,
27897,,,,,,,,,,,,,,,,,,,,,,,,,,,,,,,,,,,,6994.65,,,,,,,,,,,,,,,,
27875,,,,,,,,,,,,,,,,,,,,25480,,,,,,,,,,,,,,,,,,,,,,,,,,,,,,,,
27867,,,,60646.2,,,,,,,,,,,,,,,,,,,,,,,,,,,,,,,,,,,,,,,,,,,,,,,,
27856,,,,,,,,,,,,,,685463,,,,,,,,,,,,,,,,,,,,,,,,,,,,,,,,,,,,,,
27837,,,,,,,,,,,,,,,,,,,,,,,,,,,,,658598,,,,,,,,,,,,,,,,,,,,,,,
27830,,,,,,,,,597873,,,,,,,,,,,,,,,,,,,,,,,,,,,,,,,,,,,,885776,,,,,,,
27817,,,,,,,,,,,,,,,,,,,,,,,,,,,,,668848,,,,,,,,,,,,,,,,,,,,,,,
27815,,8347.77,,,,,,,,,,,,,,,,,,,,,,,,,,,,,,,,,,,,,,,,,,,,,,,,,,
27804,,,,,81831.5,,,,,,,,,,,,,,,,,,,,,,,,,,,,,,,,,,,,,,,,,,,,,,,
27792,,,,,,,,,,,,,,,,,,,,,,,,884142,,,,,,,,,,,,,,,,,,,,,,,,,,,,
27791,,,,,,,,,,,,,,,,,,,,,,,,,650953,,,,,,,,,,,,,,,,,,,,,,,,,,,
27790,,,,,,,,,,,,,,,,,,,,,,,,,,,,,,,346592,,,,,,,,306076,,,,,,,,,,,,,
27778,,,,,,,,,639703,,,,,,,,,,,,,,,,,,,,,,,,,,,,,,,,,,,,,,,,,,,
27776,,,,,,,,,,,,,,,,,,,,,,,275549,,,,,,,,,,,,,,,,,,,,,,,,,,,,,
27762,,,,,,,,,,,,,,,,,,,,,,125730,,,,,,,,,,,,,,,,,,,,,,,,,,,,,,
27755,,,,,,,,,,,,,,,,,,,,,,,,,,,,,,,,,,,,,,,,,,,,,,,,,,401233,,
27754,,,,,,,,,,,,,,,,,,,5808.16,,,,,,,,,,,,,,,,,,,,,,,,,,,,,,,,,
27741,,,,,,,,,,,,,,,,,,,,,,,,,,,,,,,,502574,,,,,,,,,,,,,,,,,,,,
27733,,,,,,,,,,409313,,,,,,,,,,,,,,,,,,,,,,,,,,,,,,,,,,,,,,,,,,
27719,,,,,,,,,,,,,,,,,,,,,,,,,,529372,684903,,,,,,,,,,,,,,,,,,,,,,,,,
27715,,,,,69553,,,,,,,,,,,,,,,,,,,,,,,,,,,,,,,,,,,,,,,,,,,,,,,
27713,,,,,,,,,505258,,,,,,,,,,,,,,,,,,,,,,,,,,,,,,,,,,,,,,,,,,,
27710,,5103.01,,,,,,,,,,,,,,,,,,,,,,,,,,,,,,,,,,,,,,,,,,,,,,,,,,
27709,,,,,,,,,,,,,,,,,,,,,,,,,,,,,,,,,,,,10404.4,,,,,,,,,,,,,,,,
27704,,,,,,,,,,,,,,,,,,,6566.34,,,,,,,,,,,,,,,,,,,,,,,,,,,,,,,,,
27699,,,,,,,,,,,,,,,,,,,,,,,,,,,,,,,,,,,,,,,,,,,,,,594144,,,,,,
27697,,,,,,,,,,,,,,,,,,,,,,,,,,,,,,,,,,,,,,,,,,,,,574824,,,,,,,
27695,,,,,,,,,,,,,,,,,,,,,,,,,,,,,,,,,,,,,,,,629036,,,,,,,,,,,,
27687,,,,,,,,,,,,,,,,,,,,,,,,,,,,731401,,,,,,,,,,,,,,,,,,,,,,,,
27686,,,,,,,,,,,,,,,,,,,,,,,,,,,,,,,,,,,,,,,,,,,,790245,,,,,,,,
27685,,6835.36,,,,,,,,,,,,,,,,,,,,,,,,,,,,,,,,,,,,,,,,,,,,,,,,,,
27684,,,,,,,,,,,,,,,,,,,,,,,,,,816435,,,767500,,,,,,,,,,,,,,,,,,,,,,,
27683,,,,,,,,,,,,,,,,,,,,,,,,,,,,,,,,,,,,,,,,,,,,,,573744,,,,,,
27678,,,,,,,,,,,,,,,,,,,,,,,,,,,,,,,,,,,,,,,,,,772356,,,,,,,,,,
27674,,,,,,,,,,,,,,,,,,,,,,,,,,,,,,,,,,,,,,,275872,,,,,,,,,,,,,
27667,,,,,,,,,,,,,,,607129,,,,,,,,,,,,,,,,,,,,,,,,,,,,,,,,,,,,,
27662,,,,,,,,368405,,,,,,,,,,,,,,,,,,,,,,,,,,,,,,,,,,,,,,,,,,,,
27651,,,,,,,,,,,,,,,,,,,,,,,,,,,,,,,,,,,,,,,,,,,,570753,,,,,,,,
27649,,,,,,,,,,,,,,,,,,,,,,,,,,,,,623008,,,,,,,,,,,,,,,,,,,,,,,
27648,,,,67410.8,,,,,,,,,,,792948,,,,,,,,,,,,,,,,,,,,,,,,,,,,,,,,,,,,,
27647,,,,,,,178173,,,,,,,,,,,,,,,,,,,,,,,,,,,,,,,,,,,,,,,,,,,,,
27628,,,,,,,,307218,,,,,,,,,,,,,,,,,,,,,,,,,,,,,,,,,,,,,,,,,,,,
27613,,7832.96,,,,,,,,,,,,,,,,,,,,,,,,,,,,,,,,,,,,,,,,,,,,,,,,,,
27611,,,,,,,,,,,,,,,,,,,,,,,,,,546811,,,,,,,,,,,,,,,,,,,,,,,,,,
27609,,,,,,,,,635885,,,,,,,,,,,,,,,,,,,,,,,,,,,,,,,,,,,,,,,,,,,
27585,,,,,,,,,,,,,,,,,,,,,,,,,,,,,,,,,,,,,,,,,,724269,,,,,,,,,,
27580,,,,,,,,,,,,,,,,,,,,,,,,,,,,,,743227,,,,,,,,,,,,,,,,,,,,,,
27578,,,,,,,,,,,,,,,,,,,,,,,,,,,,,737211,,,,,,,,,,,,,,,,,,,,,,,
27550,,,,,,,,,,,,,,,,,,,,,,,,,,,,,,,,,,,,8191.32,,,,,,,,,,,,,,,,
27548,,,,,,,,,,,,,,,,,,,9524.03,,,,,,,,,,,,,,,,,,,,,,,,,,,,,,,,,
27547,,,34168.1,,,,,,,,,,,,,,,,,,,,,,,,,,,,,,,,,,,,,,,,,,,,,,,,,
27545,,,,,,,,,,,,,,,,,,,,,,,,,,,,,,,,,,,,,,,334052,,,,,,,,,,,,,
27533,,,,,,,,,,,,,,,,,,,,,39346.7,,,,,,,,,,,,,,,,,,,,,,,,,,,,,,,
27528,,,,,,,,,,,,,,,,,,,,,,,,,,,,,,,,,,,,,,,,,,,,,,,,,423021,,,
27527,,,,,134213,,,,,,,,,,,,,,,,,,,,,,,,,,,,,,,,,,,,,,,,,,,,,,,
27516,,,,,,,,,,,,,,,,,,,,30459.4,,,,,,,,,,,,,,,,,,,,,,,,,,,,,,,,
27514,,,24483.6,,,,,,,,,,,,,,,,,,,,,,,,,,,,,,,,,,,,,,,,,,,,,,,,,
27508,,,,,,,,,,,,,,,,,,,,,,,,,,,,,,,439529,,,,,,,,,,,,,,,,,,,,,
27503,,,,,141855,,,,,,,,,,,,,,,,,,,,,,,,,,,,,,,,,,,,,,,,,,,,,,,
27500,,,,,,,,,,,,,,,,,,,,37652.6,,,,,,,,,,,,,,,,,,,,,,,,,,,,,,,,
27493,,,,,,,,,,,,,,,,,,,,,,,,,,,676762,,,,456974,,,,,,,,,,,,,,,,,,,,,
27486,,,,,,,,,376548,,,,,,,,,,,,,,,,,,,,,,,,,,,,,,,,,,,,,,,,,,,
27479,,,,,,,,,,,,,,,,,,,5916.98,,,,,,,,,,,,,,,,,,,,,,,,,,,,,,,,,
27478,,,,,,,,,,,,,,,,,,,,,,,,,,,,,,,,,,,,,,,,,,,,,,,,,,476140,,
27474,,,,,,160675,,,,,,,,,,,,,,,,,,,,,,,,,,,,,,,,,,,,,,,,,,,,,,
27468,,,,,,,,,384327,,,,,,,,,,,,,,,,,,,,,,,,,,,,,,,,,,,,,,,,,,,
27455,,,,,,,,,,,657640,,,,,,,,,,,,,,,,,,,,,,,,,,,,,,,,,,,,,,,,,
27449,,,,,,,,,,,,,,,,,,,,,,,,,,,,,,,,,,,,,,,,484320,,,,,,,,,,,,
27444,,,,,,,,,,,,,,,,,,,,,,,,,,,,,,,,,,,,,,,,,,639509,,,,,,,,,,
27443,,,,,,,,,,,,,,,,,,,6095.1,,,,,,,,,,,,,,,,,,,,,,,,,,,,,,,,,
27439,,12126,,,,,,,,,,,,,,,,,,,,,,,,,,,,,,,,,,,,,,,,,,,,,,,,,,
27422,,,,,,,159894,,,,,,,,,,,,,,,,,,,,,,,,,,,,,,,,,,,,,,,,,,,,,
27394,,,,,,,,,,,,,,,,,,,,,,,,,,,,,,,,395176,,,,,,,,,,,,,,,,,,,,
27393,,,,,,,,,,,,,,,,,,,,21108.3,,,,,,,,,,,,,,,,,,,,,,,,,,,,,,,,
27389,,,,,,,,,,,,,,,,,,,,,,,,,,,,,,,,,,,,,,,,,,608119,,,,,,,,,,
27369,,,,,,,,,,,,,,,,,,,7846.57,,,,,,,,,,,,,,,,,,,,,,,,,,,,,,,,,
27339,,7521.14,,,,,,,,,,,,,,,,,,,,,,,,,,,,,,,,,,,,,,,,,,,,,,,,,,
27332,,,,,,,,,,,,,,,,,,,,,,,,,,,,,,,,,,,,,,104767,,,,,,,,,,,,,,
27326,,,,,,,,,,,,,,,,,,,,,39703.7,,,,,,,,,,,,,,,,,,,,,,,,,,,,,,,
27313,,,,,,,,,,,,,,,610870,,,,,,,,,,,,,,,,,,,,,,,,,,,,,,,,,,,,,
27294,,4930.94,,,,,,,,,,,,,,,,,,,,,,,,,,,,,,,,,,,,,,,,,,,,,,,,,,
27293,,,,,,,,,,,,,,,,,,,,,,,,,,,,,494330,,,,,,,,,,,,,,,,,,,,,,,
27287,,,,,,,,,,,,,,,,,,,,,,,425041,,,,,,,,,,,,,,,,,,,,,,,,,,,,,
27284,,,,,,,,,,,,,,,,,,,,,,,,,,,,,,,,,,,,,,,,,,,,,609144,,,,,,,
27274,,,,,,,286338,,,,,,,,,,,,,,,,,,,,,,,,,499511,,,,,,,,,,,,558446,,,,,,,,
27270,,8174.33,,,,,,,,,,,,,,,,,,,,,,,,,,,,,,,,,,,,,,,,,,,,,,,,,,
27267,,,,,,,,,,,,,,,,,,,,,,,,,,,,,,,,,,,,,,,,691941,,,,,,,,,,,,
27260,,,,,,,,,,,,,,,,,,,,,,,326367,,,,,,,,,,,,,,,,,,,,,,,,,,,,,
27253,,,,,,,,,,,,,,,,,,,,,32963.7,,,,,,,,,,,,,,,,,,,,,,,,,,,,,,,
27220,,,,,,,,,,,,,,,,,,,,,,,,,,,748487,,,,,,,,,,,,,,,,,,,,,,,,,
27197,,,,,,,,,,,,,,,,,,,,,,,,,,,,,,,,,,,,5757.43,,,,,,,,,,,,,,,,
27173,,,,,,,,,,,,,,,,,,,,,,,276931,,,,,,,,,,,,,,,,,,,,,,,,,,,,,
27169,,,,,,,,,,,,,,,,,,,,,,,,,,,,,,,,,,,,,38642,,,,,,,,,,,,,,,
27158,,,,,,,,,,,,,,,,,,,,,,,,,,,,,,,,,,,,,,,,,,738282,,,,,,,,,,
27155,,,,,,,,,,,,,,,,,,,,,51365.9,,,,,,,,,,,,,,,,,,,,,,,,,,,,,,,
27153,,,,,,,,,,,,,,,,,,,,,,,,,,,,,,,,,,,,,,83164.1,,,,,,,,,,,,,,
27148,,,,,,,,,,,,,,,,,,,,,,,,,,,,,,,,,,,,14562.2,,,,,,,,,,,,,,,,
27146,,,,,,,,,,,,,,,,,,,,,,,453298,,,,,,,,,,,,,,,,,,,,,,,,,,,,,
27138,,,,,,,,,,,,,,,,,,,,24631,,,,,,,,,,,,,,,,,,,,,,,,,,,,,,,,
27132,,,,,,,,,,,,,,,,,,,,,,,,,,,,,,,,,,,,10761.9,,,,,,,,,,,,,,,,
27131,,15804.8,,,,,,,,,,,,,,,,,,,,,,,,,,,,,,,,,,,,,,,,,,,,,,,,,,
27088,,,,,,,230937,,,,,,,,,,,,,,,,,,,,,,,,,,,,,,,,,,,,,,,,,,,,,
27087,,,,,,116799,,,,,,,,,,,,,,,,,,,,,,,,,,,,,,,,,,,,,,,,,,,,,,
27085,,,,,,,,,,,,,,,,,,,,,,,,,,,,,,,,,,,,,,,,,779092,,,,,,,,,,,
27066,,,,,,,,,,,,,,,,,,,,19515.4,,,,,,,,,,,,,,,,,,,,,,,,,,,,,,,,
27062,,,,,,,164536,,,,,,,,,,,,,,,,,,,,,,,,,,,,,,,,,,,,,,,,,,,,,
27058,,,,,,,,,,,,,,,,,,,,,52617.5,,,,,,,,,,,,,,,,,,,,,,,,,,,,,,,
27043,,7222.29,,,,,,,,,,,,,,,,,,,,,,,,,,,,,,,,,,,,,,,,,,,,,,,,,,
27034,,,,,,,,,,,,,,,,,,,,,,,396804,,,,,,,,,,,,,25768.6,,,,,,,,,,,,,,,,
27030,,,,59713.5,,,,,,,,,,,,,,,,,,,,,,,,,,,,,,,,,,,,,,,,,,,,,,,,
27028,,,,,,,169908,,,,,,,,,,,,,,,,,,,,,,,,,,,,,,,,,,,,,,,,,,,,,
27015,,,,,,,,,411390,,,,,,,,,,,,,,,,,,,,,,,,,,,,,,,,,,,,,,,,,,,
27000,,,,,,,,,,,,,,,,,,,,,,,,,,,,,,,,,,,,,34019.6,,,,,,,,,,,,,,,
26995,,,20602.5,,,,,,,,,,,,,,,,,,,,,,,,,,,,,,,,,,,,,,,,,,,,,,,,,
26983,,8355.12,,,,,,,,,,,,,,,,,,,,,,,,,,,,,,,,,,,,,,,,,,,,,,,,,,
26977,,,,,,,,,,,,,,,,,,,,,,,510836,,,,,,,,,,,,,,,,,,,,,,,,,,,,,
26962,,,,,,,,,,,,,,,,,,,,,,,,,,,,,,,,,,,,,,74113.1,,,,,,,,,,,,,,
26961,,,32693.6,,,,,,,,,,,,,,,,,,,,,,,,,,,,,,,,,,,,,,,,,,,,,,,,,
26959,,,,,,,,,,,,,,,,,,,,16092.8,,,,,,,,,,,,,,,,,,,,,,,,,,,,,,,,
26948,,,,,,,,,,,,,,,,,,,,,33354,,,,,,,,,,,,,,,,,,,,,,,,,,,,,,,
26942,,,,,,,,,,,,,,,,,,,7301.14,16065,,,,,,,,,,,,,,,,,,,,,,,,,,,,,,,,
26934,,4687.08,,,,,,,,,,,,,,,,,,,,,,,,,,,,,,,,,,,,,,,,,,,,,,,,,,
26932,,,,,77835.7,,,,,,,,,,,,,,,,,,,,,,,,,,,,,,,,,,,,,,,,,,,,,,,
26906,,,,,,,,,,,,,,,,,,,,,,,,,,,,,,,,484434,,,,,,,,,,,,,,,,,,,,
26902,,,,,,,228273,,,,,,,,,,,,,,,,,,,,,,,,,,,,,,,,,756182,,,,,,,,,,,,
26897,,,,,,,,,,,,,,,,,,,,,,,,,,,,,,,,,,,,,30692.5,,,,,,,,,,,,,,,
26889,,,,,,,,,,,,,,,,,,,,,,,,,,,,,,,,,,,,,,,323716,,,,,,,,,,,,,
26874,,,,,,,,,,,,,,,,552952,,,,,,,,,,,,,,,,,,,,,,,,,,,,,,,,,,,,
26870,,,,,,,,,,,,,,,,,,,,,33253.3,,,,,,,,,,,,,,,,,,,,,,,,,,,,,,,
26853,,,,,,,,,,,,,,,,,,,,,,,,,,,,,,,,,,,,,,,,,,,,,,,,,431763,,,
26795,,,,,,,,,,,,,,,,,,,,,,,427337,,,,,,,,,,,,,,,,,,,,,,,,,,,,,
26743,,,,,,,,396519,,,,,,,,,,,,,,,,,,,,,,,,,,,,,,,,,,,,,,,,,,,,
26726,,,,,,,,,,,,,,,,,,,,,,,,,,,,,,,,,,,,,,,,,,734590,,,,,,,,,,
26697,,,,,,,,,,471586,,,,,,,,,,,,,,,,,,,,,,,,,,,,,,,,,,,,,,,,,,
26689,,,,,,,,,,,,,,,,,,,,,,,,,,,,,,,,,,,,,31205.5,,,,,,,,,,,,,,,
26610,,,,,,,,,,,,,,,,,,,,,,129010,,,,,,,,,,,,,,,,,,,,,,,,,,,,,,
26601,,,,,,,,,,,,,,,,,,,12501.9,,,,,,,,,,,,,,,,,,,,,,,,,,,,,,,,,
26561,,,,,,,,,,,,,,,,,,,,,,142534,,,,,,,,,,,,,,,,,,,,,,,,,,,,,,
26537,,7093.3,,,,,,,,,,,,,,,,,,,,,,,,,,,,,,,,,,,,,,,,,,,,,,,,,,
26470,,,,,,,,,,,,,,,,,,,,,,,492357,,,,,,,,,,,,,,,,,,,,,,,,,,,,,
26321,,,,,,,,,,,,,,,,,,,,,,,,,,,,,,,,,,,,,,,,,,,,,,,,,,389295,,
26172,,,,,,,,278088,,,,,,,,,,,,,,,,,,,,,,,,,,,,,,,,,,,,,,,,,,,,
26082,,,,,,,,232834,,,,,,,,,,,,,,,,,,,,,,,,,,,,,,,,,,,,,,,,,,,,
26044,,,,,,,,,,,,,,,,,,,,,,,,,,,,,,,,,,,,,,,,,,694796,,,,,,,,,,
,,,,,,,,,,,,,,,,,,,,,,,,,,,,,,,,,,,0,,,,,,,,,,,,,,,,,
